city_code,name,state,district_code,lat,lon,population,feature_code,absorbed_places
MUM,Mumbai,Maharashtra,,19.07283,72.88261,12691836,PPLA,2
DEL,Delhi,Delhi,,28.65195,77.23149,11034555,PPLA,12
BEN,Bengaluru,Karnataka,572,12.97194,77.59369,8495492,PPLA,0
HYD,Hyderabad,Telangana,536,17.38405,78.45636,6993262,PPLA,5
AHM,Ahmedabad,Gujarat,474,23.02579,72.58727,6357693,PPL,0
CHE,Chennai,Tamil Nadu,603,13.08784,80.27847,4681087,PPLA,2
KOL,Kolkata,West Bengal,342,22.56263,88.36304,4631392,PPLA,3
SUR,Surat,Gujarat,492,21.19594,72.83023,4591246,PPLA2,0
PUN,Pune,Maharashtra,521,18.51957,73.85535,3124458,PPL,0
JAI,Jaipur,Rajasthan,110,26.91962,75.78781,3046163,PPLA,0
KAN,Kanpur,Uttar Pradesh,164,26.46523,80.34975,2823249,PPL,1
NAV,Navi Mumbai,Maharashtra,517,19.03681,73.01582,2600000,PPLX,0
LUC,Lucknow,Uttar Pradesh,157,26.83928,80.92313,2472011,PPLA,0
NAG,Nagpur,Maharashtra,505,21.14631,79.08491,2405665,PPLA2,0
COI,Coimbatore,Tamil Nadu,632,11.00555,76.96612,2136916,PPL,1
IND,Indore,Madhya Pradesh,439,22.71792,75.8333,1994397,PPL,0
THA,Thāne,Maharashtra,517,19.19704,72.96355,1841488,PPL,0
VAD,Vadodara,Gujarat,486,22.29941,73.20812,1822221,PPL,0
BHO,Bhopal,Madhya Pradesh,444,23.25469,77.40289,1798218,PPLA,0
RAS,Rasapūdipalem,Andhra Pradesh,544,17.73308,83.31622,1728128,PPL,0
PIM,Pimpri-Chinchwad,Maharashtra,521,18.61867,73.80375,1727692,PPL,0
PAT,Patna,Bihar,230,25.59408,85.13563,1684297,PPLA,0
KAL,Kallakurichi,Tamil Nadu,729,11.73379,78.95925,1682687,PPLA2,0
LUD,Ludhiana,Punjab,041,30.91204,75.85379,1618879,PPL,0
NAS,Nashik,Maharashtra,516,19.99727,73.79096,1486053,PPLA2,0
MAD,Madurai,Tamil Nadu,623,9.919,78.11953,1465625,PPLA2,0
TIR,Tirunelveli,Tamil Nadu,628,8.72742,77.6838,1435844,PPLA2,0
AGR,Agra,Uttar Pradesh,146,27.18333,78.01667,1430055,PPLA2,0
FAR,Faridabad,Haryana,088,28.41124,77.31316,1414050,PPLA2,0
RAJ,Rājkot,Gujarat,476,22.29161,70.79322,1390640,PPL,0
NAJ,Najafgarh,Delhi,097,28.60922,76.97982,1365000,PPL,0
JAM,Jamshedpur,Jharkhand,357,22.80278,86.18545,1339438,PPL,0
PIM2,Pimpri,Maharashtra,521,18.62292,73.80696,1284606,PPL,0
KAL2,Kalyān,Maharashtra,517,19.2437,73.13554,1262255,PPL,0
DOM,Dombivali,Maharashtra,517,19.21667,73.08333,1247327,PPL,0
MEE,Meerut,Uttar Pradesh,138,28.98002,77.70636,1223184,PPL,0
VIR,Virār,Maharashtra,665,19.45591,72.81136,1222390,PPL,0
NOW,Nowrangapur,Odisha,397,19.23114,82.54826,1220946,PPLA2,0
SRI,Srinagar,Jammu and Kashmir,010,34.08565,74.80555,1206419,PPLA,0
GHA,Ghāziābād,Uttar Pradesh,140,28.66535,77.43915,1199191,PPLA2,0
DHA,Dhanbad,Jharkhand,354,23.79759,86.42992,1196214,PPLA2,0
AUR,Aurangabad,Maharashtra,515,19.87757,75.34226,1175116,PPLA2,0
VAR,Varanasi,Uttar Pradesh,197,25.31668,83.01041,1164404,PPL,0
AMR,Amritsar,Punjab,049,31.62234,74.87534,1159227,PPL,0
VIJ,Vijayawada,Andhra Pradesh,749,16.50745,80.6466,1143232,PPL,0
RAN,Ranchi,Jharkhand,364,23.34316,85.3094,1120374,PPLA,0
JAB,Jabalpur,Madhya Pradesh,451,23.16697,79.95006,1081677,PPL,0
PRA,Prayagraj,Uttar Pradesh,175,25.44478,81.84322,1073438,PPL,0
VIS,Visakhapatnam,Andhra Pradesh,544,17.68009,83.20161,1063178,PPLA2,0
JOD,Jodhpur,Rajasthan,113,26.26841,73.00594,1056191,PPL,0
GWA,Gwalior,Madhya Pradesh,421,26.22983,78.17337,1054420,PPL,0
TEN,Teni,Tamil Nadu,624,10.01115,77.47772,1034724,PPLX,0
HOW,Howrah,West Bengal,341,22.57688,88.31857,1027672,PPL,0
RAI,Raipur,Chhattisgarh,410,21.23333,81.63333,1027264,PPLA,0
TIR2,Tiruchirappalli,Tamil Nadu,614,10.8155,78.69651,1022518,PPL,0
KOT,Kota,Rajasthan,127,25.18254,75.83907,1001694,PPL,0
SHI,Shivaji Nagar,Maharashtra,521,18.53017,73.85263,1000000,PPLX,0
SHO,Sholapur,Maharashtra,526,17.67152,75.91044,997281,PPL,0
CHA,Chandigarh,Chandigarh,055,30.73629,76.7884,970602,PPLA,0
TIR3,Tiruppur,Tamil Nadu,633,11.11541,77.35456,963173,PPL,0
GUW,Guwahati,Assam,322,26.1844,91.7458,962334,PPL,0
HUB,Hubballi,Karnataka,562,15.34776,75.13378,943788,PPL,0
MYS,Mysuru,Karnataka,577,12.29791,76.63925,920550,PPLA2,0
SAL,Salem,Tamil Nadu,608,11.65376,78.15538,917414,PPL,0
GUR,Gurugram,Haryana,086,28.4601,77.02635,886519,PPLA2,0
BHU,Bhubaneswar,Odisha,386,20.27241,85.83385,885363,PPLA,0
BHI,Bhiwandi,Maharashtra,517,19.30023,73.05881,874032,PPL,0
JAL,Jalandhar,Punjab,037,31.32556,75.57917,868929,PPL,0
ROH,Rohini,Delhi,091,28.74322,77.06778,860000,PPLX,0
KAN2,Kanayannur,Kerala,595,9.96667,76.26667,851406,PPL,0
BHA,Bhayandar,Maharashtra,517,19.30157,72.85107,809378,PPL,0
NAR,Narela,Delhi,091,28.85267,77.09288,800000,PPL,0
THI,Thiruvananthapuram,Kerala,601,8.4855,76.94924,788271,PPLA,0
ALI,Alīgarh,Uttar Pradesh,143,27.88145,78.07464,753207,PPL,0
BAR,Bareilly,Uttar Pradesh,150,28.36678,79.43167,745435,PPL,0
MOR,Morādābād,Uttar Pradesh,135,28.83893,78.77684,721139,PPLA2,0
WAR,Warangal,Telangana,686,18.0,79.58333,704570,PPLA2,0
GOR,Gorakhpur,Uttar Pradesh,188,26.76628,83.36889,674246,PPL,0
GUN,Guntur,Andhra Pradesh,548,16.29974,80.45729,670073,PPL,0
PUD,Puducherry,Puducherry,635,11.93381,79.82979,657209,PPLA,0
JAJ,Jājmau,Uttar Pradesh,164,26.4304,80.4095,652831,PPLX,0
AMR2,Amravati,Maharashtra,503,20.93333,77.75,647057,PPLA2,0
BIK,Bikaner,Rajasthan,101,28.01762,73.31495,644406,PPL,0
KOC,Kochi,Kerala,595,9.93988,76.26022,633553,PPL,0
BHI2,Bhilai,Chhattisgarh,409,21.20919,81.4285,627734,PPL,0
CUT,Cuttack,Odisha,381,20.46497,85.87927,610189,PPL,0
BOR,Borivli,Maharashtra,518,19.23496,72.85976,609617,PPL,0
BHA2,Bhavnagar,Gujarat,481,21.76287,72.15331,605882,PPL,0
SAN,Sāngli,Maharashtra,531,16.85438,74.56417,601214,PPL,0
JAM2,Jamnagar,Gujarat,477,22.47292,70.06673,600943,PPL,0
JAM3,Jammu,Jammu and Kashmir,021,32.73528,74.86167,576198,PPLA,0
BOK,Bokāro,Jharkhand,355,23.66934,86.15161,564319,PPLA2,0
NAN,Nanded,Maharashtra,511,19.16023,77.31497,550564,PPL,0
KOZ,Kozhikode,Kerala,591,11.24802,75.7804,550440,PPLA2,0
KOL2,Kolhāpur,Maharashtra,530,16.69563,74.23167,549236,PPL,0
NEL,Nellore,Andhra Pradesh,550,14.44992,79.98697,547621,PPLA2,0
KAL3,Kalaburagi,Karnataka,579,17.33583,76.83757,543147,PPL,0
AJM,Ajmer,Rajasthan,119,26.4521,74.63867,542321,PPL,0
DEH,Dehradun,Uttarakhand,060,30.32443,78.03392,522081,PPLA,0
ERO,Erode,Tamil Nadu,610,11.3428,77.72741,521891,PPL,0
DUR,Durgapur,West Bengal,704,23.51583,87.30801,518872,PPL,0
ULH,Ulhasnagar,Maharashtra,517,19.21667,73.15,516584,PPL,0
SIL,Siliguri,West Bengal,327,26.71004,88.42851,515574,PPL,0
UJJ,Ujjain,Madhya Pradesh,435,23.18239,75.77643,515215,PPL,0
BIL,Bilimora,Gujarat,490,20.76957,72.96134,510879,PPL,0
ASA,Āsansol,West Bengal,704,23.68333,86.98333,504271,PPLA2,0
MAN,Mangaluru,Karnataka,575,12.91723,74.85603,499487,PPL,0
BEL,Belagavi,Karnataka,555,15.85212,74.50447,490045,PPL,0
SAH,Sahāranpur,Uttar Pradesh,132,29.9679,77.54522,484873,PPL,0
VEL,Vellore,Tamil Nadu,605,12.9184,79.13255,484690,PPL,0
BHA3,Bhātpāra,West Bengal,337,22.86643,88.40113,483129,PPL,0
MAL,Malegaon,Maharashtra,516,20.54966,74.53462,481228,PPL,0
MOD,Modīnagar,Uttar Pradesh,140,28.83059,77.57295,475843,PPLA3,0
GAY,Gaya,Bihar,236,24.79686,85.00385,474093,PPL,0
AMB,Ambattur,Tamil Nadu,602,13.09818,80.16152,466205,PPL,0
JAL2,Jalgaon,Maharashtra,499,21.00292,75.56602,460228,PPL,0
KUR,Kurnool,Andhra Pradesh,552,15.82887,78.03602,460184,PPL,0
RAM,Rāmgundam,Telangana,682,18.80084,79.45206,452261,PPL,0
UDA,Udaipur,Rajasthan,130,24.58584,73.71346,451100,PPL,0
MAH,Maheshtala,West Bengal,343,22.50862,88.25322,448317,PPL,0
PAT2,Patiāla,Punjab,048,30.33625,76.3922,446246,PPL,0
SHY,Shyamnagar,West Bengal,338,22.83333,88.36667,441956,PPL,0
DAV,Davangere,Karnataka,567,14.46693,75.92694,435128,PPL,0
AKO,Akola,Maharashtra,501,20.70957,76.9981,428857,PPL,0
RAJ2,Rajpur Sonarpur,West Bengal,343,22.4382,88.43205,424368,PPL,0
KOR,Korba,Chhattisgarh,404,22.3458,82.69633,419146,PPL,0
JHA,Jhānsi,Uttar Pradesh,166,25.45887,78.57994,412927,PPL,0
THO,Thoothukudi,Tamil Nadu,627,8.76735,78.13425,410760,PPL,0
BAL,Ballari,Karnataka,565,15.14205,76.92398,410445,PPL,0
BHA4,Bhāgalpur,Bihar,224,25.24446,86.97183,400146,PPL,0
AGA,Agartala,Tripura,289,23.83605,91.27939,400004,PPLA,0
KAK,Kākināda,Andhra Pradesh,746,16.96036,82.23809,384182,PPL,0
LAT,Latur,Maharashtra,524,18.39721,76.56784,382940,PPLA3,0
PAN,Pānihāti,West Bengal,337,22.69089,88.37404,378705,PPL,0
RAJ3,Rajamahendravaram,Andhra Pradesh,545,17.00517,81.77784,376333,PPL,0
DHU,Dhule,Maharashtra,498,20.9013,74.77737,375559,PPLA2,0
ROH2,Rohtak,Haryana,082,28.89447,76.58917,374292,PPL,0
AHI,Ahilyanagar,Maharashtra,522,19.09457,74.73843,367140,PPL,0
KOL3,Kollam,Kerala,600,8.88113,76.58469,367107,PPLA2,0
BIL2,Bilāspur,Chhattisgarh,406,22.08005,82.15543,365579,PPL,0
BHI3,Bhilwara,Rajasthan,122,25.34707,74.64081,359483,PPL,0
BRA,Brahmapur,Odisha,388,19.31151,84.7929,356598,PPL,0
MUZ,Muzaffarpur,Bihar,216,26.12259,85.39055,354462,PPL,0
PUN2,Punāsa,Madhya Pradesh,466,22.23507,76.39335,350000,PPL,0
MUZ2,Muzaffarnagar,Uttar Pradesh,133,29.47091,77.70332,349706,PPLA2,0
AVA,Avadi,Tamil Nadu,602,13.1147,80.10981,345996,PPL,0
KAD,Kadapa,Andhra Pradesh,551,14.47995,78.82346,344893,PPL,0
KAM,Kāmārhāti,West Bengal,337,22.67111,88.37472,332965,PPL,0
MAT,Mathura,Uttar Pradesh,145,27.5035,77.67215,330511,PPL,0
CHA2,Chānda,Maharashtra,509,19.95076,79.29523,328351,PPL,0
VIJ2,Vijayapura,Karnataka,557,16.82442,75.71537,327427,PPL,0
SHI2,Shivamogga,Karnataka,568,13.93157,75.56791,322650,PPL,0
ALW,Alwar,Rajasthan,104,27.56246,76.625,322568,PPL,0
SHA,Shāhjānpur,Uttar Pradesh,152,27.88165,79.90918,320434,PPL,0
JUN,Jūnāgadh,Gujarat,479,21.51966,70.45981,319462,PPL,0
THR,Thrissur,Kerala,594,10.51667,76.21667,315957,PPLA2,0
NIZ,Nizāmābād,Telangana,533,18.67154,78.0988,311152,PPL,0
TUM,Tumkūr,Karnataka,571,13.34136,77.1022,307359,PPL,0
PAR,Parbhani,Maharashtra,513,19.26855,76.77081,307170,PPL,0
HIS,Hisar,Haryana,080,29.15394,75.72294,307024,PPL,0
FIR,Fīrozābād,Uttar Pradesh,147,27.15092,78.39781,306409,PPL,0
KUL,Kulti,West Bengal,704,23.73166,86.84372,305405,PPL,0
KAR,Karnāl,Haryana,074,29.69197,76.98448,302140,PPL,0
BAR2,Barddhamān,West Bengal,335,23.25572,87.85691,301725,PPL,0
GUN2,Gundupālaiyam,Puducherry,635,11.94096,79.80294,300104,PPL,0
BAR3,Bārāsat,West Bengal,337,22.72154,88.48198,298127,PPL,0
MUL,Mulugu,Telangana,780,18.191,79.943,297671,PPLA2,0
BIH,Bihār Sharīf,Bihar,229,25.20084,85.52389,297268,PPL,0
RAM2,Rāmpur,Uttar Pradesh,136,28.81014,79.02699,296418,PPL,0
DAR,Darbhanga,Bihar,215,26.15216,85.89707,296039,PPL,0
PAN2,Panipat,Haryana,075,29.38747,76.96825,295970,PPL,0
TIR4,Tirupati,Andhra Pradesh,752,13.63551,79.41989,295323,PPL,0
GRE,Greater Noida,Uttar Pradesh,141,28.49615,77.53601,293908,PPL,0
AIZ,Aizawl,Mizoram,283,23.72894,92.71791,293416,PPLA,0
GAN,Gandhinagar,Gujarat,473,23.21667,72.68333,292797,PPLA,0
DIN,Dindigul,Tamil Nadu,612,10.36896,77.98036,292512,PPL,0
THA2,Thanjavur,Tamil Nadu,620,10.78523,79.13909,291067,PPL,0
KAR2,Karīmnagar,Telangana,534,18.43915,79.12856,289821,PPLA2,0
DEW,Dewas,Madhya Pradesh,437,22.96585,76.05526,289550,PPL,0
SON,Sonīpat,Haryana,076,28.99478,77.01937,289333,PPL,0
ICH,Ichalkaranji,Maharashtra,530,16.69117,74.46054,287353,PPL,0
BAT,Bathinda,Punjab,046,30.20747,74.93893,285788,PPL,0
JAL3,Jālna,Maharashtra,514,19.84102,75.88636,285577,PPL,0
KIR,Kirāri Sulemānnagar,Delhi,090,28.69736,77.0648,283211,PPL,0
SAT,Satna,Madhya Pradesh,429,24.57726,80.82719,282977,PPL,0
PUR,Purnia,Bihar,211,25.77895,87.47422,282248,PPLA2,0
IMP,Imphal,Manipur,278,24.80805,93.9442,277196,PPLA,0
SAU,Saugor,Madhya Pradesh,427,23.83877,78.73874,274556,PPL,0
KUS,Kushinagar,Uttar Pradesh,189,26.74134,83.88689,274403,PPL,0
ROU,Rourkela,Odisha,374,22.22496,84.86414,273317,PPL,0
DUR2,Durg,Chhattisgarh,409,21.19147,81.27619,268806,PPL,0
ANA,Anantapur,Andhra Pradesh,553,14.67784,77.60813,267161,PPL,0
RAT,Ratlām,Madhya Pradesh,434,23.33033,75.04032,264914,PPL,0
RAN2,Rānipet,Tamil Nadu,731,12.92471,79.33331,264330,PPLA2,0
ARR,Arrah,Bihar,231,25.55629,84.66335,261430,PPL,0
GAJ,Gajuwaka,Andhra Pradesh,544,17.7,83.21667,258944,PPL,0
ETA,Etāwah,Uttar Pradesh,161,26.77615,79.02133,257448,PPL,0
AMB2,Ambarnath,Maharashtra,517,19.2,73.16667,253475,PPL,0
NAI,Naihāti,West Bengal,337,22.89396,88.41521,253221,PPL,0
BHA5,Bharatpur,Rajasthan,105,27.21731,77.49009,252838,PPL,0
BEG,Begusarai,Bihar,222,25.41853,86.13389,252008,PPLA2,0
GAN2,Gāndhīdhām,Gujarat,468,23.08333,70.13333,247992,PPL,0
MAU,Mau,Uttar Pradesh,192,25.94167,83.56111,246050,PPL,0
SIK,Sīkar,Rajasthan,111,27.61206,75.13996,244497,PPL,0
RAM3,Ramagundam,Telangana,682,18.755,79.474,242979,PPL,0
HAP,Hāpur,Uttar Pradesh,661,28.72985,77.78068,242920,PPLA2,0
FAR2,Farrukhābād,Uttar Pradesh,159,27.39134,79.5793,241152,PPL,0
ALA,Alappuzha,Kerala,598,9.49004,76.3264,240991,PPLA2,0
KAT,Katihar,Bihar,212,25.53852,87.57044,240838,PPL,0
SRI2,Sri Ganganagar,Rajasthan,099,29.92009,73.87496,237780,PPLA2,0
REW,Rewa,Madhya Pradesh,430,24.53256,81.29234,235654,PPL,0
ULU,Uluberiya,West Bengal,341,22.4756,88.09898,235345,PPL,0
SIV,Sivakasi,Tamil Nadu,625,9.44999,77.79797,234704,PPL,0
KAR3,Karur,Tamil Nadu,613,10.95771,78.08095,234191,PPL,0
RAI2,Rāichūr,Karnataka,559,16.20546,77.35567,234073,PPL,0
PAL,Pallāvaram,Tamil Nadu,730,12.96796,80.15025,233984,PPL,0
OOT,Ooty,Tamil Nadu,611,11.4134,76.69521,233426,PPL,0
PAL2,Pāli,Rajasthan,118,25.77276,73.32335,230075,PPL,0
HOS,Hosūr,Tamil Nadu,631,12.73647,77.83264,229528,PPL,0
VIZ,Vizianagaram,Andhra Pradesh,543,18.11692,83.41148,228720,PPLA2,0
SHR,Shrīrāmpur,West Bengal,338,22.75278,88.34222,226317,PPL,0
QUT,Quthbullapur,Telangana,700,17.50107,78.45818,225816,PPL,0
NAD,Nadiād,Gujarat,483,22.69385,72.86157,225071,PPL,0
NAG2,Nāgercoil,Tamil Nadu,629,8.17899,77.43227,224849,PPL,0
MAN2,Mango,Jharkhand,357,22.8275,86.21639,223805,PPL,0
MUR,Murwāra,Madhya Pradesh,450,23.83776,80.39405,221883,PPL,0
KAN3,Kanchipuram,Tamil Nadu,604,12.83515,79.70006,221715,PPL,0
SIN,Singrauli,Madhya Pradesh,463,24.19973,82.67535,220257,PPL,0
MIR,Mirzāpur,Uttar Pradesh,199,25.1449,82.56534,220029,PPL,0
KHA,Kharagpur,West Bengal,344,22.33971,87.32501,219665,PPL,0
ELU,Eluru,Andhra Pradesh,748,16.71311,81.10437,218020,PPLA2,0
YAM,Yamuna Nagar,Haryana,071,30.12796,77.28371,217071,PPL,0
RAU,Raurkela Industrial Township,Odisha,374,22.19994,84.86176,216410,PPL,0
BID,Bidar,Karnataka,558,17.90802,77.51524,216020,PPL,0
MUN,Munger,Bihar,226,25.37459,86.47455,213303,PPL,0
NAN2,Nandyāl,Andhra Pradesh,755,15.47799,78.4836,211424,PPL,0
PAN3,Panchkula,Haryana,069,30.69461,76.8504,211355,PPLA2,0
BUR,Burhānpur,Madhya Pradesh,467,21.30868,76.23026,210886,PPL,0
MOR2,Morvi,Gujarat,673,22.81731,70.8377,210451,PPLA2,0
ANA2,Anand,Gujarat,482,22.55251,72.9552,209410,PPLA2,0
ONG,Ongole,Andhra Pradesh,549,15.50357,80.04454,208344,PPL,0
HOS2,Hosapete,Karnataka,738,15.26954,76.3871,206167,PPL,0
NAN3,Nāngloi Jāt,Delhi,096,28.67957,77.06799,205596,PPL,0
SEC,Secunderabad,Telangana,700,17.50427,78.54263,204182,PPL,0
DEO,Deoghar,Jharkhand,350,24.48983,86.69902,203123,PPLA3,0
CHA3,Chāpra,Bihar,219,25.78031,84.74709,202352,PPL,0
KHA2,Khandwa,Madhya Pradesh,466,21.82427,76.35086,200738,PPL,0
PUR2,Puri,Odisha,387,19.79825,85.82494,200564,PPL,0
MOR3,Morena,Madhya Pradesh,419,26.49892,77.99534,200482,PPL,0
GYA,Gyānpur,Uttar Pradesh,198,25.33268,82.46637,200000,PPL,0
BUL,Bulandshahr,Uttar Pradesh,142,28.40392,77.85773,198612,PPL,0
BHI4,Bhind,Madhya Pradesh,420,26.56671,78.78728,197585,PPL,0
KHA3,Khammam,Telangana,541,17.24767,80.14368,196283,PPL,0
SAM,Sambhal,Uttar Pradesh,659,28.58498,78.56959,196109,PPLA2,0
BHI5,Bhiwāni,Haryana,081,28.79304,76.13968,196057,PPL,0
PAN4,Panvel,Maharashtra,520,18.98878,73.11013,195373,PPL,0
AMB3,Ambāla,Haryana,070,30.36099,76.79782,195153,PPL,0
KUM,Kumarapalayam,Tamil Nadu,609,11.44495,77.71102,195071,PPL,0
MAC,Machilīpatnam,Andhra Pradesh,547,16.18747,81.13888,192827,PPL,0
MAH2,Mahesāna,Gujarat,471,23.59864,72.38472,190753,PPL,0
MAH3,Mahbūbnagar,Telangana,538,16.74385,77.98597,190400,PPLA2,0
SAM2,Sambalpur,Odisha,372,21.46527,83.97573,189366,PPL,0
BHU2,Bhusawal,Maharashtra,499,21.04365,75.78506,187421,PPL,0
RAE,Raebareli,Uttar Pradesh,158,26.2309,81.23315,186433,PPL,0
HAR,Haridwar,Uttarakhand,068,29.94791,78.16025,186079,PPL,0
PHU,Phusro,Jharkhand,355,23.75644,86.0051,185555,PPL,0
ADO,Adoni,Andhra Pradesh,552,15.62788,77.27495,184625,PPL,0
SUJ,Sūjāngarh,Rajasthan,102,27.7,74.46667,183808,PPL,0
SIR,Sirsa,Haryana,079,29.53489,75.02898,182534,PPL,0
DIN2,Dinapur Nizamat,Bihar,230,25.63847,85.05118,182429,PPL,0
BAH,Bahraigh,Uttar Pradesh,180,27.57429,81.59474,182218,PPL,0
KAR4,Kāraikkudi,Tamil Nadu,622,10.06615,78.76784,181851,PPL,0
SUL,Sultan Pur Majra,Delhi,090,28.68966,77.07648,181554,PPL,0
GUN3,Guna,Madhya Pradesh,458,24.64691,77.3113,180935,PPL,0
CHA4,Chandannagar,West Bengal,338,22.86225,88.36796,180623,PPL,0
BAH2,Baharampur,West Bengal,333,24.10473,88.25155,180547,PPL,0
SHA2,Shahuwadi,Maharashtra,530,16.90993,73.94654,180322,PPL,0
MAD2,Madanapalle,Andhra Pradesh,753,13.5503,78.50288,180180,PPL,0
SHI3,Shivpuri,Madhya Pradesh,423,25.42378,77.66223,179977,PPL,0
SUR2,Surendranagar,Gujarat,475,22.72706,71.64856,179628,PPL,0
NEY,Neyveli,Tamil Nadu,617,11.60877,79.4994,179150,PPL,0
SIL2,Silchar,Assam,316,24.82733,92.79787,178865,PPL,0
PRO,Proddatūr,Andhra Pradesh,551,14.7502,78.54813,177797,PPL,0
HUG,Hugli,West Bengal,338,22.90877,88.39674,177005,PPL,0
HAS,Hashtsāl,Delhi,096,28.63406,77.05771,176877,PPL,0
AMR3,Amroha,Uttar Pradesh,137,28.90314,78.46984,176253,PPL,0
CHH,Chhindwāra,Madhya Pradesh,455,22.05697,78.93958,175052,PPL,0
TAM,Tambaram,Tamil Nadu,730,12.9246,80.12707,174787,PPL,0
BHE,Bhetia,Jharkhand,369,22.79321,86.14098,174355,PPL,0
PAT3,Pathānkot,Punjab,662,32.27484,75.65287,174306,PPL,0
BAD,Badlapur,Maharashtra,517,19.15516,73.26553,174226,PPL,0
CUD,Cuddalore,Tamil Nadu,617,11.75617,79.76693,173636,PPL,0
SHI4,Shimla,Himachal Pradesh,033,31.10442,77.16662,173503,PPLA,0
GAD,Gadag-Betageri,Karnataka,561,15.4167,75.6167,172813,PPL,0
GAD2,Gadag,Karnataka,561,15.42977,75.62971,172612,PPL,0
VER,Verāval,Gujarat,675,20.9077,70.36786,171121,PPLA2,0
NAV2,Navsari,Gujarat,490,20.94237,72.92467,171109,PPLA2,0
BAH3,Bahadurgarh,Haryana,083,28.69287,76.93555,170767,PPL,0
HAL,Haldia,West Bengal,345,22.06046,88.10975,170695,PPL,0
RAI3,Rāiganj,West Bengal,330,25.61281,88.12449,170252,PPL,0
MAL2,Malda,West Bengal,332,25.00447,88.14573,170039,PPLA2,0
JAU,Jaunpur,Uttar Pradesh,194,25.75356,82.68689,169572,PPL,0
DEO2,Deoli,Delhi,098,28.50254,77.23117,169122,PPL,0
BHA6,Bharūch,Gujarat,488,21.69482,72.9805,169007,PPL,0
HOS3,Hoshiārpur,Punjab,038,31.53723,75.91269,168653,PPLA2,0
JIN,Jīnd,Haryana,077,29.31577,76.31502,167592,PPL,0
KUM2,Kumbakonam,Tamil Nadu,620,10.96209,79.39124,167155,PPL,0
MOH,Mohali,Punjab,052,30.67995,76.72211,166864,PPL,0
FAT,Fatehpur,Uttar Pradesh,172,25.92774,80.81266,166480,PPL,0
TON,Tonk,Rajasthan,120,26.16638,75.78824,165294,PPL,0
UDU,Udupi,Karnataka,569,13.33467,74.74617,165000,PPL,0
THE,Thenali,Andhra Pradesh,548,16.24253,80.63982,164937,PPLA3,0
SIT,Sītāpur,Uttar Pradesh,154,27.56192,80.68265,164435,PPL,0
ALA2,Alandur,Tamil Nadu,730,13.0025,80.20611,164430,PPLX,0
BHA7,Bhadrāvati,Karnataka,568,13.84846,75.70502,163903,PPL,0
VAP,Vapi,Gujarat,491,20.37175,72.90493,163630,PPL,0
MOG,Moga,Punjab,042,30.81383,75.16878,163397,PPL,0
RAJ4,Rāj-Nāndgaon,Chhattisgarh,408,21.09687,81.0289,163114,PPL,0
ROB,Robertsonpet,Karnataka,581,12.95629,78.27539,162230,PPL,0
UNN,Unnāo,Uttar Pradesh,156,26.54706,80.48781,161671,PPL,0
BUD,Budaun,Uttar Pradesh,149,28.03811,79.12668,161555,PPL,0
MAD3,Madhyamgram,West Bengal,337,22.68944,88.44594,161126,PPL,0
CHI,Chittoor,Andhra Pradesh,554,13.21055,79.0956,160722,PPLA2,0
JAM4,Jāmuria,West Bengal,704,23.70468,87.07872,160242,PPL,0
JAI2,Jaigaon,West Bengal,664,26.84766,89.37558,158664,PPL,0
BAT2,Batāla,Punjab,035,31.80921,75.20294,158621,PPL,0
ORA,Orai,Uttar Pradesh,165,25.99023,79.45334,158265,PPL,0
SAH2,Saharsa,Bihar,214,25.87498,86.59611,156540,PPL,0
VID,Vidisha,Madhya Pradesh,443,23.52604,77.81092,155951,PPL,0
HAN,Hanumāngarh,Rajasthan,100,29.58182,74.32938,155687,PPL,0
THA3,Thānesar,Haryana,072,29.97323,76.83214,155152,PPL,0
HAS2,Hassan,Karnataka,574,13.00715,76.0962,155006,PPL,0
KIS,Kishangarh,Rajasthan,119,26.59006,74.85397,154886,PPL,0
RUD,Rudrapur,Uttarakhand,067,28.98,79.4,154554,PPL,0
NAL,Nalgonda,Telangana,539,17.05439,79.26707,154326,PPL,0
HAZ,Hazāribāgh,Jharkhand,360,23.99241,85.36162,153595,PPL,0
MED,Medinīpur,West Bengal,344,22.42114,87.32257,153349,PPL,0
BAL2,Bālurghāt,West Bengal,331,25.22099,88.77732,153279,PPL,0
FYZ,Fyzābād,Uttar Pradesh,177,26.77549,82.15018,153047,PPL,0
DIN3,Dinapore,Bihar,230,25.63705,85.04794,152940,PPL,0
POR,Porbandar,Gujarat,478,21.64219,69.60929,152760,PPL,0
BAN,Bānda,Uttar Pradesh,170,25.47758,80.33491,152218,PPL,0
HIN,Hindupur,Andhra Pradesh,754,13.82807,77.49143,151677,PPL,0
BEA,Beāwar,Rajasthan,119,26.10119,74.32028,151152,PPL,0
ANA3,Anantnag,Jammu and Kashmir,014,33.73068,75.15418,150592,PPL,0
SER,Serilingampalle,Telangana,691,17.49313,78.30196,150525,PPL,0
RAI4,Raigarh,Chhattisgarh,403,21.89764,83.3966,150019,PPL,0
SHA3,Shāntipur,West Bengal,336,23.24723,88.43302,149983,PPL,0
BHU3,Bhuj,Gujarat,468,23.25397,69.66928,148834,PPLA2,0
BAR4,Bārākpur,West Bengal,337,22.76602,88.36336,148174,PPL,0
HAJ,Hājīpur,Bihar,220,25.68544,85.20981,147688,PPL,0
SAS,Sasarām,Bihar,234,24.94942,84.01645,147408,PPL,0
BHI6,Bhimavaram,Andhra Pradesh,546,16.54078,81.52322,146961,PPL,0
BEE,Beed,Maharashtra,523,18.98921,75.75634,146709,PPLA3,0
KRI,Krishnanagar,West Bengal,336,23.40576,88.49073,145926,PPL,0
CHI2,Chitradurga,Karnataka,566,14.22262,76.40038,145853,PPL,0
DIB,Dibrugarh,Assam,310,27.47989,94.90837,145488,PPLA2,0
ABO,Abohar,Punjab,651,30.14453,74.19552,145302,PPL,0
TIR5,Tiruvannamalai,Tamil Nadu,606,12.22662,79.07461,145278,PPL,0
KAI,Kaithal,Haryana,073,29.80153,76.39959,144915,PPL,0
BAL3,Balasore,Odisha,377,21.49266,86.93348,144373,PPL,0
GOD,Godhra,Gujarat,484,22.77547,73.61488,143644,PPL,0
SHI5,Shillong,Meghalaya,298,25.56892,91.88313,143229,PPLA,0
REW2,Rewāri,Haryana,085,28.199,76.6183,143021,PPL,0
BAS,Basirhat City,West Bengal,337,22.66142,88.85477,143007,PPL,0
CHH2,Chhatarpur,Madhya Pradesh,425,24.9177,79.58871,142128,PPL,0
MAN3,Mandsaur,Madhya Pradesh,433,24.07184,75.06986,141667,PPL,0
CHA5,Chas,Jharkhand,355,23.63556,86.16712,141640,PPL,0
PAL3,Pālanpur,Gujarat,469,24.17128,72.43827,141592,PPL,0
LAK,Lakhīmpur,Uttar Pradesh,153,27.94822,80.77935,140223,PPL,0
VAL,Valsād,Gujarat,491,20.61013,72.93428,139764,PPLA2,0
DAM,Damoh,Madhya Pradesh,428,23.83312,79.4419,139561,PPL,0
HAL2,Haldwani,Uttarakhand,066,29.22254,79.5286,139497,PPL,0
HAB,Hābra,West Bengal,337,22.84202,88.65606,139297,PPL,0
KOL4,Kolār,Karnataka,581,13.13768,78.12999,138462,PPL,0
SRI3,Srikakulam,Andhra Pradesh,542,18.2989,83.89751,137944,PPL,0
MAN4,Mandya,Karnataka,573,12.5223,76.89746,137358,PPL,0
MAD4,Madhurampur Dehri,Bihar,234,24.96899,84.1964,137231,PPL,0
KAN4,Kānchrāpāra,West Bengal,336,22.95998,88.42849,136954,PPL,0
DIM,Dimāpur,Nagaland,265,25.91174,93.7217,135860,PPL,0
MAL3,Māler Kotla,Punjab,737,30.5309,75.87949,135424,PPL,0
SIW,Siwān,Bihar,218,26.22096,84.35609,135066,PPL,0
KAL4,Kalol,Gujarat,473,23.24656,72.49508,134426,PPL,0
BAN2,Bānkura,West Bengal,339,23.23241,87.0716,133966,PPL,0
PAT4,Pātan,Gujarat,470,23.8507,72.12963,133737,PPL,0
GON,Gondā City,Uttar Pradesh,183,27.13181,81.95332,133583,PPL,0
DHA2,Dhaulpur,Rajasthan,106,26.69286,77.87968,133075,PPL,0
GON2,Gondiā,Maharashtra,507,21.46026,80.19205,132813,PPL,0
PAL4,Palakkad,Kerala,593,10.77319,76.65366,132728,PPL,0
BET,Bettiah,Bihar,203,26.80229,84.50311,132209,PPL,0
PAL5,Palwal,Haryana,089,28.14469,77.32546,131926,PPL,0
RAN3,Rānīganj,West Bengal,704,23.6164,87.13061,131261,PPL,0
ETA2,Etah,Uttar Pradesh,201,27.55879,78.65692,131023,PPL,0
PIL,Pīlibhīt,Uttar Pradesh,151,28.63124,79.80436,131008,PPL,0
RAJ5,Rajapalayam,Tamil Nadu,625,9.45296,77.55335,130442,PPL,0
BOT,Botad,Gujarat,676,22.16917,71.66671,130327,PPLA2,0
DEO3,Deoria,Uttar Pradesh,190,26.50167,83.77936,129570,PPL,0
NIM,Nimach,Rajasthan,,24.45949,74.86625,128561,PPL,0
KHA4,Khardah,West Bengal,337,22.71861,88.37806,128346,PPL,0
YAV,Yavatmāl,Maharashtra,510,20.39324,78.13201,128175,PPL,0
HAL3,Hālīsahar,West Bengal,337,22.93218,88.41859,128172,PPL,0
KHA5,Khanna,Punjab,041,30.70547,76.22196,128137,PPL,0
TIT,Titāgarh,West Bengal,337,22.74252,88.37326,127751,PPL,0
HAT,Hāthras,Uttar Pradesh,144,27.59551,78.05201,126882,PPL,0
JOR,Jorhat,Assam,312,26.75751,94.20306,126736,PPL,0
LAL,Lalitpur,Uttar Pradesh,167,24.69007,78.41915,126475,PPL,0
GUN4,Guntakal,Andhra Pradesh,553,15.17112,77.36244,126270,PPL,0
PIT,Pithampur,Madhya Pradesh,439,22.60197,75.69649,126200,PPL,0
MOT,Mothīhāri,Bihar,204,26.64862,84.91656,126158,PPL,0
KAN5,Kanhangad,Kerala,588,12.30814,75.10632,125564,PPL,0
JAG,Jagdalpur,Chhattisgarh,414,19.08136,82.02131,125463,PPL,0
JAG2,Jagādhri,Haryana,071,30.16719,77.30367,124894,PPL,0
DAR2,Dārjiling,West Bengal,327,27.03333,88.26667,123797,PPL,0
HAR2,Hardoī,Uttar Pradesh,155,27.39491,80.13165,122635,PPL,0
PUR3,Puruliya,West Bengal,340,23.33062,86.36303,122533,PPL,0
DHA3,Dharmavaram,Andhra Pradesh,754,14.41435,77.72035,121874,PPL,0
BHA8,Bhadreswar,West Bengal,338,22.82449,88.33841,121662,PPL,0
NAG3,Nagaon,Assam,305,26.35,92.66667,121628,PPLA2,0
VEJ,Vejalpur,Gujarat,484,22.69021,73.56299,121610,PPL,0
CHI3,Chikmagalūr,Karnataka,570,13.32231,75.774,121484,PPL,0
BHA9,Bhadrak,Odisha,378,21.05447,86.5156,121338,PPL,0
SAW,Sawai Madhopur,Rajasthan,108,26.02301,76.34408,121106,PPL,0
AMB4,Ambikāpur,Chhattisgarh,401,23.11892,83.19537,121071,PPLA2,0
SAT2,Satara,Maharashtra,527,17.68589,73.99333,120195,PPL,0
CHU,Chūru,Rajasthan,102,28.30415,74.96718,120157,PPL,0
GAN3,Gangāpur,Rajasthan,108,26.47249,76.71744,120115,PPL,0
DOH,Dohad,Gujarat,485,22.83283,74.25986,118846,PPL,0
BAR5,Barshi,Maharashtra,526,18.23454,75.69275,118722,PPL,0
ADI,Ādilābād,Telangana,532,19.67203,78.5359,118526,PPL,0
JHU,Jhunjhunūn,Rajasthan,103,28.12559,75.39797,118473,PPL,0
JET,Jetpur,Gujarat,476,21.75482,70.62347,118302,PPL,0
GUD,Gudivāda,Andhra Pradesh,547,16.43547,80.99555,118167,PPL,0
BAR6,Bārān,Rajasthan,128,25.1,76.51667,117992,PPL,0
NAR2,Narmadapuram,Madhya Pradesh,449,22.74747,77.72736,117988,PPL,0
AMR4,Amreli,Gujarat,480,21.59983,71.21169,117967,PPLA2,0
PUD2,Pudukkottai,Tamil Nadu,621,10.38128,78.82141,117630,PPL,0
NAR3,Narasaraopet,Andhra Pradesh,751,16.23488,80.04927,117489,PPL,0
RIS,Rishra,West Bengal,338,22.72394,88.34563,117014,PPL,0
BAR7,Baripāda,Odisha,376,21.93458,86.72852,116849,PPL,0
MUK,Muktsar,Punjab,044,30.47426,74.5166,116747,PPL,0
AZA,Azamgarh,Uttar Pradesh,191,26.06832,83.18358,116644,PPLA2,0
BAR8,Barnāla,Punjab,054,30.37451,75.5487,116449,PPL,0
YEL,Yelahanka,Karnataka,572,13.10073,77.59632,116447,PPL,0
CHI4,Chittorgarh,Rajasthan,126,24.88963,74.62403,116406,PPL,0
TIN,Tinsukia,Assam,309,27.48905,95.35992,116322,PPL,0
KHA6,Khargone,Madhya Pradesh,440,21.82292,75.61394,116150,PPL,0
BAI,Baidyabāti,West Bengal,338,22.78498,88.32586,115504,PPL,0
BAS2,Bastī,Uttar Pradesh,185,26.78817,82.71617,115115,PPL,0
GAN4,Gangavati,Karnataka,560,15.4313,76.52933,114642,PPL,0
AMB5,Ambur,Tamil Nadu,732,12.79163,78.71644,114608,PPL,0
GIR,Giridih,Jharkhand,349,24.18622,86.30875,114533,PPL,0
WAR2,Wardha,Maharashtra,504,20.73933,78.59784,113759,PPL,0
TAD,Tadepalligudem,Andhra Pradesh,546,16.81467,81.52717,112655,PPL,0
CHA6,Chanduasi,Uttar Pradesh,659,28.45178,78.78277,112635,PPL,0
BAG,Bagaha,Bihar,203,27.09918,84.09003,112634,PPL,0
ACH,Achalpur,Maharashtra,503,21.25665,77.51006,112311,PPL,0
GON3,Gondal,Gujarat,476,21.96074,70.80255,112197,PPL,0
DHA4,Dharashiv,Maharashtra,525,18.18158,76.03889,112085,PPLA3,0
POR2,Port Blair,Andaman and Nicobar,640,11.66613,92.74635,112050,PPLA,0
BAG2,Bagalkot,Karnataka,556,16.18673,75.69614,111933,PPL,0
SUR3,Suriāpet,Telangana,696,17.14054,79.62045,111729,PPLA2,0
BAN3,Bangaon,West Bengal,337,23.04553,88.83084,111693,PPL,0
ASH,Ashoknagar Kalyangarh,West Bengal,337,22.86416,88.63701,111475,PPL,0
DEE,Deesa,Gujarat,469,24.25612,72.17928,111160,PPLA3,0
NAV3,Navadwīp,West Bengal,336,23.4067,88.36861,111123,PPL,0
NAN4,Nandurbar,Maharashtra,497,21.36671,74.24051,111037,PPL,0
SUL2,Sultānpur,Uttar Pradesh,179,26.25788,82.07269,110368,PPL,0
FIR2,Firozpur,Punjab,043,30.92574,74.61311,110313,PPL,0
PAN5,Pandit Deen Dayal Upadhyaya Nagar,Uttar Pradesh,196,25.28307,83.11968,109650,PPL,0
SEH,Sehore,Madhya Pradesh,445,23.2,77.08333,109118,PPL,0
BAN4,Bānsbāria,West Bengal,338,22.95387,88.40098,108474,PPL,0
TAD2,Tadpatri,Andhra Pradesh,553,14.90832,78.01031,108171,PPL,0
JAL4,Jalpāiguri,West Bengal,328,26.51667,88.73333,107832,PPLA2,0
MAN5,Mangalagiri,Andhra Pradesh,548,16.43083,80.56815,107197,PPL,0
RAN4,Ranebennur,Karnataka,564,14.62239,75.62951,106406,PPL,0
KHU,Khurja,Uttar Pradesh,142,28.25382,77.85535,105909,PPL,0
KIS2,Kishanganj,Bihar,210,26.10224,87.95534,105782,PPL,0
PON,Ponnāni,Kerala,592,10.76695,75.92523,105512,PPL,0
HIN2,Hindaun,Rajasthan,107,26.73411,77.03519,105452,PPL,0
JAM5,Jamālpur,Bihar,226,25.31258,86.48888,105434,PPLA3,0
NAG4,Nāgaur,Rajasthan,112,27.20201,73.73394,105218,PPL,0
AMB6,Ambala Sadar,Haryana,070,30.33544,76.86265,104974,PPL,0
BHI7,Bhiwadi,Rajasthan,104,28.21024,76.86056,104921,PPL,0
BUN,Būndi,Rajasthan,121,25.43855,75.63735,104919,PPL,0
MIR2,Miryalaguda,Telangana,539,16.8722,79.56247,104918,PPL,0
SOY,Soyībug,Jammu and Kashmir,002,34.07677,74.7057,104000,PPL,0
JAG3,Jagtiāl,Telangana,681,18.79473,78.91661,103930,PPLA2,0
ROO,Roorkee,Uttarakhand,068,29.86632,77.89118,103894,PPL,0
UDG,Udgīr,Maharashtra,524,18.39258,77.11756,103550,PPL,0
NAG5,Nagda,Madhya Pradesh,435,23.45834,75.41759,103501,PPL,0
BET2,Betūl,Madhya Pradesh,447,21.90056,77.90229,103330,PPL,0
JAH,Jahānābād,Bihar,239,25.21368,84.9871,103202,PPL,0
KAS,Kashipur,Uttarakhand,067,29.21399,78.95693,103138,PPL,0
GHA2,Ghazīpur,Uttar Pradesh,195,25.58333,83.58526,103095,PPL,0
AMA,Amaravati,Andhra Pradesh,548,16.514,80.516,103000,PPL,0
NAG6,Nagapattinam,Tamil Nadu,618,10.76377,79.84313,102905,PPL,0
BUX,Buxar,Bihar,232,25.57548,83.98043,102861,PPL,0
MOR4,Mormugao,Goa,586,15.38914,73.81491,102345,PPL,0
SEO,Seoni,Madhya Pradesh,456,22.08503,79.55037,102343,PPL,0
AUR2,Aurangābād,Bihar,235,24.75204,84.3742,102244,PPL,0
HIN3,Hinganghāt,Maharashtra,504,20.54875,78.83978,101805,PPL,0
DHA5,Dhamtari,Chhattisgarh,412,20.70718,81.54874,101677,PPL,0
CHI5,Chilakalūrupet,Andhra Pradesh,751,16.08987,80.16705,101398,PPL,0
MAL4,Malappuram,Kerala,592,11.04199,76.08154,101386,PPL,0
BAN5,Bānswāra,Rajasthan,125,23.54109,74.4425,101017,PPL,0
ITA,Itārsi,Madhya Pradesh,449,22.61477,77.76222,100574,PPL,0
VAS,Vasco da Gama,Goa,586,15.39585,73.81568,100485,PPL,0
GAN5,Gangtok,Sikkim,244,27.32574,88.61216,100286,PPLA,0
DAT,Datia,Madhya Pradesh,422,25.67312,78.45908,100284,PPL,0
PHA,Phagwāra,Punjab,036,31.22452,75.77387,100146,PPL,0
