city_code,name,state,lat,lon,population,zone_count,service_radius_km,modelled_population,retention,area_km2,pipe_length_km
MUM,Mumbai,Maharashtra,19.07283,72.88261,12691836,65,16.306,6021685,0.474,409.05,4914.94
DEL,Delhi,Delhi,28.65195,77.23149,11034555,46,15.376,3705029,0.336,257.42,3069.66
BEN,Bengaluru,Karnataka,12.97194,77.59369,8495492,101,13.776,6263097,0.737,453.69,5337.72
HYD,Hyderabad,Telangana,17.38405,78.45636,6993262,91,12.695,4645154,0.664,347.17,4043.92
AHM,Ahmedabad,Gujarat,23.02579,72.58727,6357693,120,12.197,6125649,0.964,422.52,5051.0
CHE,Chennai,Tamil Nadu,13.08784,80.27847,4681087,93,10.726,3177675,0.679,253.24,2892.33
KOL,Kolkata,West Bengal,22.56263,88.36304,4631392,43,10.678,1453644,0.314,116.06,1324.76
SUR,Surat,Gujarat,21.19594,72.83023,4591246,119,10.639,4591244,1.0,318.8,3802.54
PUN,Pune,Maharashtra,18.51957,73.85535,3124458,45,9.051,1449494,0.464,121.86,1370.13
JAI,Jaipur,Rajasthan,26.91962,75.78781,3046163,84,8.955,3046167,1.0,222.68,2612.06
KAN,Kanpur,Uttar Pradesh,26.46523,80.34975,2823249,64,8.673,1862761,0.66,159.17,1781.32
NAV,Navi Mumbai,Maharashtra,19.03681,73.01582,2600000,59,8.378,1917504,0.738,165.67,1848.36
LUC,Lucknow,Uttar Pradesh,26.83928,80.92313,2472011,70,8.203,2471994,1.0,188.37,2181.48
NAG,Nagpur,Maharashtra,21.14631,79.08491,2405665,69,8.11,2405660,1.0,181.54,2108.19
COI,Coimbatore,Tamil Nadu,11.00555,76.96612,2136916,62,7.716,2136911,1.0,182.28,2041.06
IND,Indore,Madhya Pradesh,22.71792,75.8333,1994397,59,7.495,1994394,1.0,163.67,1853.45
THA,Thāne,Maharashtra,19.19704,72.96355,1841488,52,7.248,1387788,0.754,134.94,1457.84
VAD,Vadodara,Gujarat,22.29941,73.20812,1822221,55,7.217,1822221,1.0,141.46,1628.46
BHO,Bhopal,Madhya Pradesh,23.25469,77.40289,1798218,54,7.176,1798224,1.0,137.32,1589.21
RAS,Rasapūdipalem,Andhra Pradesh,17.73308,83.31622,1728128,52,7.058,1502722,0.87,127.92,1433.04
PIM,Pimpri-Chinchwad,Maharashtra,18.61867,73.80375,1727692,23,7.057,575899,0.333,56.56,609.57
PAT,Patna,Bihar,25.59408,85.13563,1684297,50,6.982,1220501,0.725,120.35,1295.75
KAL,Kallakurichi,Tamil Nadu,11.73379,78.95925,1682687,51,6.979,1682686,1.0,122.65,1440.18
LUD,Ludhiana,Punjab,30.91204,75.85379,1618879,49,6.867,1618868,1.0,144.4,1596.82
NAS,Nashik,Maharashtra,19.99727,73.79096,1486053,46,6.624,1486048,1.0,126.13,1414.42
MAD,Madurai,Tamil Nadu,9.919,78.11953,1465625,45,6.586,1465627,1.0,121.99,1375.63
TIR,Tirunelveli,Tamil Nadu,8.72742,77.6838,1435844,45,6.529,1435847,1.0,119.88,1350.79
AGR,Agra,Uttar Pradesh,27.18333,78.01667,1430055,44,6.518,1430052,1.0,116.82,1324.72
FAR,Faridabad,Haryana,28.41124,77.31316,1414050,44,6.487,1332478,0.942,115.72,1289.26
RAJ,Rājkot,Gujarat,22.29161,70.79322,1390640,43,6.442,1390640,1.0,111.54,1271.54
NAJ,Najafgarh,Delhi,28.60922,76.97982,1365000,35,6.392,918751,0.673,89.39,965.52
JAM,Jamshedpur,Jharkhand,22.80278,86.18545,1339438,12,6.341,309099,0.231,30.16,325.55
PIM2,Pimpri,Maharashtra,18.62292,73.80696,1284606,22,6.231,543488,0.423,53.39,575.31
KAL2,Kalyān,Maharashtra,19.2437,73.13554,1262255,18,6.185,436934,0.346,43.04,463.48
DOM,Dombivali,Maharashtra,19.21667,73.08333,1247327,30,6.154,719614,0.577,71.01,764.36
MEE,Meerut,Uttar Pradesh,28.98002,77.70636,1223184,39,6.104,1223185,1.0,90.83,1060.2
VIR,Virār,Maharashtra,19.45591,72.81136,1222390,39,6.102,1222397,1.0,90.75,1059.5
NOW,Nowrangapur,Odisha,19.23114,82.54826,1220946,39,6.099,1220948,1.0,90.68,1058.44
SRI,Srinagar,Jammu and Kashmir,34.08565,74.80555,1206419,39,6.069,1044026,0.865,89.78,1002.88
GHA,Ghāziābād,Uttar Pradesh,28.66535,77.43915,1199191,37,6.054,1199191,1.0,110.67,1212.54
DHA,Dhanbad,Jharkhand,23.79759,86.42992,1196214,37,6.047,1196205,1.0,110.44,1209.85
AUR,Aurangabad,Maharashtra,19.87757,75.34226,1175116,37,6.002,1175114,1.0,108.82,1191.03
VAR,Varanasi,Uttar Pradesh,25.31668,83.01041,1164404,35,5.979,1101466,0.946,102.13,1117.56
AMR,Amritsar,Punjab,31.62234,74.87534,1159227,37,5.968,1159230,1.0,107.56,1176.78
VIJ,Vijayawada,Andhra Pradesh,16.50745,80.6466,1143232,34,5.933,1050541,0.919,97.72,1068.16
RAN,Ranchi,Jharkhand,23.34316,85.3094,1120374,36,5.883,1120378,1.0,101.7,1119.22
JAB,Jabalpur,Madhya Pradesh,23.16697,79.95006,1081677,35,5.797,1081684,1.0,96.0,1063.1
PRA,Prayagraj,Uttar Pradesh,25.44478,81.84322,1073438,35,5.778,1073440,1.0,95.41,1055.84
VIS,Visakhapatnam,Andhra Pradesh,17.68009,83.20161,1063178,19,5.755,545958,0.514,51.38,559.89
JOD,Jodhpur,Rajasthan,26.26841,73.00594,1056191,34,5.739,1056190,1.0,91.43,1019.37
GWA,Gwalior,Madhya Pradesh,26.22983,78.17337,1054420,34,5.735,1054430,1.0,91.29,1017.88
TEN,Teni,Tamil Nadu,10.01115,77.47772,1034724,34,5.69,1034718,1.0,89.86,1001.08
HOW,Howrah,West Bengal,22.57688,88.31857,1027672,20,5.674,555497,0.541,52.56,571.95
RAI,Raipur,Chhattisgarh,21.23333,81.63333,1027264,34,5.673,1027271,1.0,89.32,994.64
TIR2,Tiruchirappalli,Tamil Nadu,10.8155,78.69651,1022518,34,5.662,1022524,1.0,88.98,990.59
KOT,Kota,Rajasthan,25.18254,75.83907,1001694,33,5.613,1001693,1.0,84.88,952.13
SHI,Shivaji Nagar,Maharashtra,18.53017,73.85263,1000000,17,5.609,459457,0.459,43.66,474.58
SHO,Sholapur,Maharashtra,17.67152,75.91044,997281,33,5.602,997276,1.0,84.55,948.36
CHA,Chandigarh,Chandigarh,30.73629,76.7884,970602,23,5.539,603346,0.622,57.61,625.39
TIR3,Tiruppur,Tamil Nadu,11.11541,77.35456,963173,32,5.521,963174,1.0,79.62,899.76
GUW,Guwahati,Assam,26.1844,91.7458,962334,32,5.519,962336,1.0,79.58,899.03
HUB,Hubballi,Karnataka,15.34776,75.13378,943788,31,5.474,943794,1.0,75.83,864.03
MYS,Mysuru,Karnataka,12.29791,76.63925,920550,31,5.417,920548,1.0,74.28,845.22
SAL,Salem,Tamil Nadu,11.65376,78.15538,917414,31,5.409,917414,1.0,74.06,842.65
GUR,Gurugram,Haryana,28.4601,77.02635,886519,30,5.332,886521,1.0,69.63,798.8
BHU,Bhubaneswar,Odisha,20.27241,85.83385,885363,30,5.329,885366,1.0,69.54,797.93
BHI,Bhiwandi,Maharashtra,19.30023,73.05881,874032,29,5.301,755918,0.865,66.53,738.26
JAL,Jalandhar,Punjab,31.32556,75.57917,868929,29,5.287,868936,1.0,66.18,766.41
ROH,Rohini,Delhi,28.74322,77.06778,860000,28,5.265,650815,0.757,63.36,684.24
KAN2,Kanayannur,Kerala,9.96667,76.26667,851406,21,5.242,483231,0.568,47.12,508.68
BHA,Bhayandar,Maharashtra,19.30157,72.85107,809378,26,5.132,657620,0.812,76.1,788.03
NAR,Narela,Delhi,28.85267,77.09288,800000,27,5.107,800005,1.0,78.25,844.15
THI,Thiruvananthapuram,Kerala,8.4855,76.94924,788271,27,5.076,788267,1.0,77.27,833.33
ALI,Alīgarh,Uttar Pradesh,27.88145,78.07464,753207,26,4.979,753208,1.0,71.63,778.46
BAR,Bareilly,Uttar Pradesh,28.36678,79.43167,745435,26,4.958,745438,1.0,71.01,771.38
MOR,Morādābād,Uttar Pradesh,28.83893,78.77684,721139,25,4.889,721139,1.0,66.4,727.88
WAR,Warangal,Telangana,18.0,79.58333,704570,25,4.842,704578,1.0,65.12,713.09
GOR,Gorakhpur,Uttar Pradesh,26.76628,83.36889,674246,24,4.753,674240,1.0,60.24,665.88
GUN,Guntur,Andhra Pradesh,16.29974,80.45729,670073,24,4.741,670076,1.0,59.93,662.2
PUD,Puducherry,Puducherry,11.93381,79.82979,657209,19,4.702,390221,0.594,46.68,479.85
JAJ,Jājmau,Uttar Pradesh,26.4304,80.4095,652831,23,4.689,530427,0.812,56.19,594.16
AMR2,Amravati,Maharashtra,20.93333,77.75,647057,23,4.672,647052,1.0,55.77,622.64
BIK,Bikaner,Rajasthan,28.01762,73.31495,644406,23,4.664,644405,1.0,55.59,620.45
KOC,Kochi,Kerala,9.93988,76.26022,633553,19,4.63,376171,0.594,45.26,464.7
BHI2,Bhilai,Chhattisgarh,21.20919,81.4285,627734,22,4.613,627732,1.0,52.01,587.28
CUT,Cuttack,Odisha,20.46497,85.87927,610189,22,4.558,610190,1.0,50.78,572.7
BOR,Borivli,Maharashtra,19.23496,72.85976,609617,22,4.556,533414,0.875,50.75,551.44
BHA2,Bhavnagar,Gujarat,21.76287,72.15331,605882,22,4.544,605882,1.0,50.49,569.08
SAN,Sāngli,Maharashtra,16.85438,74.56417,601214,21,4.53,601212,1.0,47.88,546.98
JAM2,Jamnagar,Gujarat,22.47292,70.06673,600943,21,4.529,600945,1.0,47.86,546.77
JAM3,Jammu,Jammu and Kashmir,32.73528,74.86167,576198,21,4.45,576200,1.0,46.2,526.71
BOK,Bokāro,Jharkhand,23.66934,86.15161,564319,20,4.411,370336,0.656,43.24,446.89
NAN,Nanded,Maharashtra,19.16023,77.31497,550564,20,4.365,550568,1.0,42.34,488.96
KOZ,Kozhikode,Kerala,11.24802,75.7804,550440,20,4.365,550436,1.0,42.34,488.8
KOL2,Kolhāpur,Maharashtra,16.69563,74.23167,549236,20,4.361,549236,1.0,42.26,487.84
NEL,Nellore,Andhra Pradesh,14.44992,79.98697,547621,20,4.355,547620,1.0,42.16,486.6
KAL3,Kalaburagi,Karnataka,17.33583,76.83757,543147,20,4.341,543148,1.0,41.86,483.04
AJM,Ajmer,Rajasthan,26.4521,74.63867,542321,20,4.338,542320,1.0,41.82,482.44
DEH,Dehradun,Uttarakhand,30.32443,78.03392,522081,19,4.269,522086,1.0,55.4,585.58
ERO,Erode,Tamil Nadu,11.3428,77.72741,521891,19,4.268,521889,1.0,55.38,585.39
DUR,Durgapur,West Bengal,23.51583,87.30801,518872,19,4.258,518873,1.0,55.12,582.43
ULH,Ulhasnagar,Maharashtra,19.21667,73.15,516584,1,4.25,24599,0.048,2.89,29.83
SIL,Siliguri,West Bengal,26.71004,88.42851,515574,19,4.247,515573,1.0,54.81,579.19
UJJ,Ujjain,Madhya Pradesh,23.18239,75.77643,515215,19,4.245,515218,1.0,54.8,578.85
BIL,Bilimora,Gujarat,20.76957,72.96134,510879,19,4.23,510884,1.0,54.4,574.58
ASA,Āsansol,West Bengal,23.68333,86.98333,504271,19,4.207,504267,1.0,53.81,568.0
MAN,Mangaluru,Karnataka,12.91723,74.85603,499487,18,4.19,499486,1.0,50.58,540.81
BEL,Belagavi,Karnataka,15.85212,74.50447,490045,18,4.157,490046,1.0,49.77,531.8
SAH,Sahāranpur,Uttar Pradesh,29.9679,77.54522,484873,18,4.138,484876,1.0,49.32,526.83
VEL,Vellore,Tamil Nadu,12.9184,79.13255,484690,18,4.138,484687,1.0,49.3,526.65
BHA3,Bhātpāra,West Bengal,22.86643,88.40113,483129,5,4.132,115030,0.238,13.66,140.65
MAL,Malegaon,Maharashtra,20.54966,74.53462,481228,18,4.125,481232,1.0,49.01,523.39
MOD,Modīnagar,Uttar Pradesh,28.83059,77.57295,475843,18,4.106,475841,1.0,48.55,518.18
GAY,Gaya,Bihar,24.79686,85.00385,474093,18,4.1,474094,1.0,48.4,516.5
AMB,Ambattur,Tamil Nadu,13.09818,80.16152,466205,16,4.071,355204,0.762,42.42,436.25
JAL2,Jalgaon,Maharashtra,21.00292,75.56602,460228,17,4.049,460227,1.0,44.59,482.21
KUR,Kurnool,Andhra Pradesh,15.82887,78.03602,460184,17,4.049,460179,1.0,44.59,482.2
RAM,Rāmgundam,Telangana,18.80084,79.45206,452261,16,4.019,344579,0.762,41.36,424.79
UDA,Udaipur,Rajasthan,24.58584,73.71346,451100,17,4.015,451099,1.0,43.84,473.76
MAH,Maheshtala,West Bengal,22.50862,88.25322,448317,17,4.004,448316,1.0,43.62,471.23
PAT2,Patiāla,Punjab,30.33625,76.3922,446246,17,3.997,446248,1.0,43.45,469.3
SHY,Shyamnagar,West Bengal,22.83333,88.36667,441956,5,3.98,105228,0.238,12.68,130.1
DAV,Davangere,Karnataka,14.46693,75.92694,435128,16,3.955,435129,1.0,40.03,438.92
AKO,Akola,Maharashtra,20.70957,76.9981,428857,16,3.93,428859,1.0,39.55,433.37
RAJ2,Rajpur Sonarpur,West Bengal,22.4382,88.43205,424368,16,3.913,424370,1.0,39.2,429.36
KOR,Korba,Chhattisgarh,22.3458,82.69633,419146,16,3.893,419147,1.0,38.8,424.7
JHA,Jhānsi,Uttar Pradesh,25.45887,78.57994,412927,16,3.869,412928,1.0,38.3,419.11
THO,Thoothukudi,Tamil Nadu,8.76735,78.13425,410760,16,3.86,410760,1.0,38.14,417.17
BAL,Ballari,Karnataka,15.14205,76.92398,410445,16,3.859,410443,1.0,38.11,416.88
BHA4,Bhāgalpur,Bihar,25.24446,86.97183,400146,15,3.818,400144,1.0,34.98,388.98
AGA,Agartala,Tripura,23.83605,91.27939,400004,15,3.817,400002,1.0,34.96,388.87
KAK,Kākināda,Andhra Pradesh,16.96036,82.23809,384182,15,3.753,384182,1.0,33.81,375.21
LAT,Latur,Maharashtra,18.39721,76.56784,382940,15,3.748,382942,1.0,33.72,374.15
PAN,Pānihāti,West Bengal,22.69089,88.37404,378705,3,3.73,54102,0.143,6.68,68.2
RAJ3,Rajamahendravaram,Andhra Pradesh,17.00517,81.77784,376333,14,3.721,376330,1.0,31.01,350.7
DHU,Dhule,Maharashtra,20.9013,74.77737,375559,14,3.717,375558,1.0,30.95,350.05
ROH2,Rohtak,Haryana,28.89447,76.58917,374292,14,3.712,374292,1.0,30.87,349.05
AHI,Ahilyanagar,Maharashtra,19.09457,74.73843,367140,14,3.682,367138,1.0,30.37,343.13
KOL3,Kollam,Kerala,8.88113,76.58469,367107,14,3.682,367108,1.0,30.37,343.05
BIL2,Bilāspur,Chhattisgarh,22.08005,82.15543,365579,14,3.676,365580,1.0,30.27,341.79
BHI3,Bhilwara,Rajasthan,25.34707,74.64081,359483,14,3.65,359482,1.0,29.83,336.71
BRA,Brahmapur,Odisha,19.31151,84.7929,356598,14,3.637,356599,1.0,29.64,334.32
MUZ,Muzaffarpur,Bihar,26.12259,85.39055,354462,14,3.628,354463,1.0,29.48,332.57
PUN2,Punāsa,Madhya Pradesh,22.23507,76.39335,350000,14,3.609,350000,1.0,29.18,328.86
MUZ2,Muzaffarnagar,Uttar Pradesh,29.47091,77.70332,349706,14,3.608,349705,1.0,29.15,328.59
AVA,Avadi,Tamil Nadu,13.1147,80.10981,345996,14,3.592,280092,0.81,28.9,307.55
KAD,Kadapa,Andhra Pradesh,14.47995,78.82346,344893,13,3.587,344892,1.0,26.75,308.1
KAM,Kāmārhāti,West Bengal,22.67111,88.37472,332965,13,3.534,206122,0.619,25.97,264.04
MAT,Mathura,Uttar Pradesh,27.5035,77.67215,330511,13,3.523,330510,1.0,25.82,296.69
CHA2,Chānda,Maharashtra,19.95076,79.29523,328351,13,3.513,328352,1.0,25.68,294.98
VIJ2,Vijayapura,Karnataka,16.82442,75.71537,327427,13,3.509,327428,1.0,25.61,294.2
SHI2,Shivamogga,Karnataka,13.93157,75.56791,322650,13,3.488,322651,1.0,25.3,290.42
ALW,Alwar,Rajasthan,27.56246,76.625,322568,13,3.487,322570,1.0,25.3,290.3
SHA,Shāhjānpur,Uttar Pradesh,27.88165,79.90918,320434,13,3.478,320435,1.0,25.16,288.63
JUN,Jūnāgadh,Gujarat,21.51966,70.45981,319462,13,3.473,319461,1.0,25.09,287.84
THR,Thrissur,Kerala,10.51667,76.21667,315957,13,3.457,315958,1.0,24.86,285.07
NIZ,Nizāmābād,Telangana,18.67154,78.0988,311152,12,3.435,311152,1.0,35.4,368.04
TUM,Tumkūr,Karnataka,13.34136,77.1022,307359,12,3.417,307356,1.0,35.04,364.08
PAR,Parbhani,Maharashtra,19.26855,76.77081,307170,12,3.416,307168,1.0,35.02,363.92
HIS,Hisar,Haryana,29.15394,75.72294,307024,12,3.416,307024,1.0,35.0,363.72
FIR,Fīrozābād,Uttar Pradesh,27.15092,78.39781,306409,12,3.413,306408,1.0,34.94,363.08
KUL,Kulti,West Bengal,23.73166,86.84372,305405,12,3.408,305408,1.0,34.85,362.08
KAR,Karnāl,Haryana,29.69197,76.98448,302140,12,3.393,302136,1.0,34.54,358.64
BAR2,Barddhamān,West Bengal,23.25572,87.85691,301725,12,3.391,301724,1.0,34.5,358.28
GUN2,Gundupālaiyam,Puducherry,11.94096,79.80294,300104,7,3.383,175063,0.583,20.03,208.01
BAR3,Bārāsat,West Bengal,22.72154,88.48198,298127,10,3.374,248436,0.833,28.46,295.38
MUL,Mulugu,Telangana,18.191,79.943,297671,12,3.372,297672,1.0,34.1,354.0
BIH,Bihār Sharīf,Bihar,25.20084,85.52389,297268,12,3.37,297264,1.0,34.07,353.6
RAM2,Rāmpur,Uttar Pradesh,28.81014,79.02699,296418,12,3.366,296420,1.0,33.98,352.72
DAR,Darbhanga,Bihar,26.15216,85.89707,296039,12,3.364,296040,1.0,33.95,352.36
PAN2,Panipat,Haryana,29.38747,76.96825,295970,12,3.364,295972,1.0,33.94,352.24
TIR4,Tirupati,Andhra Pradesh,13.63551,79.41989,295323,12,3.36,295320,1.0,33.88,351.52
GRE,Greater Noida,Uttar Pradesh,28.49615,77.53601,293908,12,3.354,293908,1.0,33.74,350.12
AIZ,Aizawl,Mizoram,23.72894,92.71791,293416,12,3.351,293416,1.0,33.7,349.56
GAN,Gandhinagar,Gujarat,23.21667,72.68333,292797,12,3.348,292800,1.0,33.64,348.92
DIN,Dindigul,Tamil Nadu,10.36896,77.98036,292512,12,3.347,292512,1.0,33.61,348.68
THA2,Thanjavur,Tamil Nadu,10.78523,79.13909,291067,12,3.34,291068,1.0,33.47,347.08
KAR2,Karīmnagar,Telangana,18.43915,79.12856,289821,12,3.334,289820,1.0,33.35,345.84
DEW,Dewas,Madhya Pradesh,22.96585,76.05526,289550,12,3.333,289552,1.0,33.32,345.56
SON,Sonīpat,Haryana,28.99478,77.01937,289333,12,3.332,289328,1.0,33.3,345.32
ICH,Ichalkaranji,Maharashtra,16.69117,74.46054,287353,12,3.322,287356,1.0,33.11,343.24
BAT,Bathinda,Punjab,30.20747,74.93893,285788,12,3.314,285788,1.0,32.95,341.64
JAL3,Jālna,Maharashtra,19.84102,75.88636,285577,11,3.313,285577,1.0,30.2,319.4
KIR,Kirāri Sulemānnagar,Delhi,28.69736,77.0648,283211,2,3.302,47202,0.167,5.45,56.48
SAT,Satna,Madhya Pradesh,24.57726,80.82719,282977,11,3.301,282976,1.0,29.96,316.9
PUR,Purnia,Bihar,25.77895,87.47422,282248,11,3.297,282251,1.0,29.9,316.13
IMP,Imphal,Manipur,24.80805,93.9442,277196,11,3.272,277201,1.0,29.45,311.13
SAU,Saugor,Madhya Pradesh,23.83877,78.73874,274556,11,3.259,274556,1.0,29.2,308.52
KUS,Kushinagar,Uttar Pradesh,26.74134,83.88689,274403,11,3.258,274404,1.0,29.19,308.41
ROU,Rourkela,Odisha,22.22496,84.86414,273317,6,3.253,136656,0.5,15.87,164.24
DUR2,Durg,Chhattisgarh,21.19147,81.27619,268806,11,3.23,268803,1.0,28.7,302.86
ANA,Anantapur,Andhra Pradesh,14.67784,77.60813,267161,11,3.222,267164,1.0,28.55,301.24
RAT,Ratlām,Madhya Pradesh,23.33033,75.04032,264914,11,3.211,264911,1.0,28.35,299.0
RAN2,Rānipet,Tamil Nadu,12.92471,79.33331,264330,11,3.208,264330,1.0,28.29,298.41
ARR,Arrah,Bihar,25.55629,84.66335,261430,11,3.193,261430,1.0,28.03,295.58
GAJ,Gajuwaka,Andhra Pradesh,17.7,83.21667,258944,7,3.18,151054,0.583,17.7,182.76
ETA,Etāwah,Uttar Pradesh,26.77615,79.02133,257448,11,3.172,257449,1.0,27.68,291.61
AMB2,Ambarnath,Maharashtra,19.2,73.16667,253475,7,3.152,147861,0.583,17.38,179.35
NAI,Naihāti,West Bengal,22.89396,88.41521,253221,4,3.15,84408,0.333,9.92,102.42
BHA5,Bharatpur,Rajasthan,27.21731,77.49009,252838,10,3.148,252838,1.0,24.78,267.2
BEG,Begusarai,Bihar,25.41853,86.13389,252008,10,3.144,252008,1.0,24.71,266.4
GAN2,Gāndhīdhām,Gujarat,23.08333,70.13333,247992,10,3.123,247994,1.0,24.38,262.68
MAU,Mau,Uttar Pradesh,25.94167,83.56111,246050,10,3.112,246050,1.0,24.22,260.86
SIK,Sīkar,Rajasthan,27.61206,75.13996,244497,10,3.104,244496,1.0,24.09,259.42
RAM3,Ramagundam,Telangana,18.755,79.474,242979,10,3.096,202486,0.833,23.96,246.94
HAP,Hāpur,Uttar Pradesh,28.72985,77.78068,242920,10,3.096,242922,1.0,23.96,257.92
FAR2,Farrukhābād,Uttar Pradesh,27.39134,79.5793,241152,10,3.086,241148,1.0,23.81,256.24
ALA,Alappuzha,Kerala,9.49004,76.3264,240991,10,3.085,240992,1.0,23.8,256.14
KAT,Katihar,Bihar,25.53852,87.57044,240838,10,3.085,240842,1.0,23.79,256.0
SRI2,Sri Ganganagar,Rajasthan,29.92009,73.87496,237780,10,3.068,237776,1.0,23.53,253.12
REW,Rewa,Madhya Pradesh,24.53256,81.29234,235654,10,3.057,235652,1.0,23.36,251.14
ULU,Uluberiya,West Bengal,22.4756,88.09898,235345,10,3.055,235346,1.0,23.33,250.84
SIV,Sivakasi,Tamil Nadu,9.44999,77.79797,234704,10,3.051,234700,1.0,23.28,250.24
KAR3,Karur,Tamil Nadu,10.95771,78.08095,234191,10,3.049,234190,1.0,23.23,249.74
RAI2,Rāichūr,Karnataka,16.20546,77.35567,234073,10,3.048,234074,1.0,23.22,249.64
PAL,Pallāvaram,Tamil Nadu,12.96796,80.15025,233984,10,3.047,194988,0.833,23.22,238.9
OOT,Ooty,Tamil Nadu,11.4134,76.69521,233426,10,3.044,233428,1.0,23.17,249.0
PAL2,Pāli,Rajasthan,25.77276,73.32335,230075,10,3.026,230074,1.0,22.89,245.88
HOS,Hosūr,Tamil Nadu,12.73647,77.83264,229528,10,3.023,229530,1.0,22.85,245.38
VIZ,Vizianagaram,Andhra Pradesh,18.11692,83.41148,228720,10,3.018,228724,1.0,22.78,244.64
SHR,Shrīrāmpur,West Bengal,22.75278,88.34222,226317,2,3.005,37720,0.167,4.52,46.41
QUT,Quthbullapur,Telangana,17.50107,78.45818,225816,9,3.002,225814,1.0,20.28,223.84
NAD,Nadiād,Gujarat,22.69385,72.86157,225071,9,2.998,225074,1.0,20.22,223.17
NAG2,Nāgercoil,Tamil Nadu,8.17899,77.43227,224849,9,2.997,224848,1.0,20.21,222.99
MAN2,Mango,Jharkhand,22.8275,86.21639,223805,8,2.991,149205,0.667,17.9,183.83
MUR,Murwāra,Madhya Pradesh,23.83776,80.39405,221883,9,2.98,221885,1.0,19.98,220.39
KAN3,Kanchipuram,Tamil Nadu,12.83515,79.70006,221715,9,2.979,221712,1.0,19.97,220.21
SIN,Singrauli,Madhya Pradesh,24.19973,82.67535,220257,9,2.971,220255,1.0,19.86,218.96
MIR,Mirzāpur,Uttar Pradesh,25.1449,82.56534,220029,9,2.97,220029,1.0,19.84,218.78
KHA,Kharagpur,West Bengal,22.33971,87.32501,219665,9,2.968,219666,1.0,19.82,218.42
ELU,Eluru,Andhra Pradesh,16.71311,81.10437,218020,9,2.958,218018,1.0,19.69,216.99
YAM,Yamuna Nagar,Haryana,30.12796,77.28371,217071,9,2.953,162805,0.75,19.62,201.34
RAU,Raurkela Industrial Township,Odisha,22.19994,84.86176,216410,7,2.949,126241,0.583,15.22,156.19
BID,Bidar,Karnataka,17.90802,77.51524,216020,9,2.947,216020,1.0,19.54,215.24
MUN,Munger,Bihar,25.37459,86.47455,213303,9,2.931,213305,1.0,19.33,212.82
NAN2,Nandyāl,Andhra Pradesh,15.47799,78.4836,211424,9,2.92,211427,1.0,19.19,211.17
PAN3,Panchkula,Haryana,30.69461,76.8504,211355,9,2.92,211356,1.0,19.19,211.12
BUR,Burhānpur,Madhya Pradesh,21.30868,76.23026,210886,9,2.917,210882,1.0,19.15,210.72
MOR2,Morvi,Gujarat,22.81731,70.8377,210451,9,2.915,210448,1.0,19.12,210.32
ANA2,Anand,Gujarat,22.55251,72.9552,209410,9,2.909,209407,1.0,19.04,209.42
ONG,Ongole,Andhra Pradesh,15.50357,80.04454,208344,9,2.902,208344,1.0,18.95,208.48
HOS2,Hosapete,Karnataka,15.26954,76.3871,206167,9,2.89,206169,1.0,18.79,206.51
NAN3,Nāngloi Jāt,Delhi,28.67957,77.06799,205596,2,2.886,34266,0.167,4.17,42.66
SEC,Secunderabad,Telangana,17.50427,78.54263,204182,9,2.878,204180,1.0,18.64,204.76
DEO,Deoghar,Jharkhand,24.48983,86.69902,203123,9,2.872,203122,1.0,18.56,203.82
CHA3,Chāpra,Bihar,25.78031,84.74709,202352,9,2.867,202351,1.0,18.5,203.15
KHA2,Khandwa,Madhya Pradesh,21.82427,76.35086,200738,9,2.857,200739,1.0,18.37,201.72
PUR2,Puri,Odisha,19.79825,85.82494,200564,9,2.856,200566,1.0,18.36,201.54
MOR3,Morena,Madhya Pradesh,26.49892,77.99534,200482,9,2.856,200482,1.0,18.35,201.49
GYA,Gyānpur,Uttar Pradesh,25.33268,82.46637,200000,9,2.853,199999,1.0,18.32,201.09
BUL,Bulandshahr,Uttar Pradesh,28.40392,77.85773,198612,8,2.845,198612,1.0,16.18,183.64
BHI4,Bhind,Madhya Pradesh,26.56671,78.78728,197585,8,2.839,197588,1.0,16.11,182.8
KHA3,Khammam,Telangana,17.24767,80.14368,196283,8,2.831,196284,1.0,16.02,181.72
SAM,Sambhal,Uttar Pradesh,28.58498,78.56959,196109,8,2.83,196108,1.0,16.02,181.6
BHI5,Bhiwāni,Haryana,28.79304,76.13968,196057,8,2.829,196060,1.0,16.01,181.56
PAN4,Panvel,Maharashtra,18.98878,73.11013,195373,8,2.825,195372,1.0,15.96,180.96
AMB3,Ambāla,Haryana,30.36099,76.79782,195153,8,2.824,195156,1.0,15.94,180.8
KUM,Kumarapalayam,Tamil Nadu,11.44495,77.71102,195071,8,2.823,195072,1.0,15.94,180.72
MAC,Machilīpatnam,Andhra Pradesh,16.18747,81.13888,192827,8,2.81,192828,1.0,15.78,178.88
MAH2,Mahesāna,Gujarat,23.59864,72.38472,190753,8,2.797,190752,1.0,15.65,177.2
MAH3,Mahbūbnagar,Telangana,16.74385,77.98597,190400,8,2.795,190400,1.0,15.62,176.92
SAM2,Sambalpur,Odisha,21.46527,83.97573,189366,8,2.788,189364,1.0,15.55,176.04
BHU2,Bhusawal,Maharashtra,21.04365,75.78506,187421,8,2.776,187420,1.0,15.42,174.44
RAE,Raebareli,Uttar Pradesh,26.2309,81.23315,186433,8,2.77,186432,1.0,15.34,173.64
HAR,Haridwar,Uttarakhand,29.94791,78.16025,186079,8,2.768,186076,1.0,15.32,173.32
PHU,Phusro,Jharkhand,23.75644,86.0051,185555,8,2.765,185556,1.0,15.29,172.88
ADO,Adoni,Andhra Pradesh,15.62788,77.27495,184625,8,2.759,184624,1.0,15.22,172.12
SUJ,Sūjāngarh,Rajasthan,27.7,74.46667,183808,8,2.754,183808,1.0,15.17,171.48
SIR,Sirsa,Haryana,29.53489,75.02898,182534,8,2.746,182536,1.0,15.08,170.4
DIN2,Dinapur Nizamat,Bihar,25.63847,85.05118,182429,4,2.745,60811,0.333,7.54,76.86
BAH,Bahraigh,Uttar Pradesh,27.57429,81.59474,182218,8,2.744,182220,1.0,15.06,170.12
KAR4,Kāraikkudi,Tamil Nadu,10.06615,78.76784,181851,8,2.741,181848,1.0,15.03,169.8
SUL,Sultan Pur Majra,Delhi,28.68966,77.07648,181554,2,2.739,30260,0.167,3.75,38.28
GUN3,Guna,Madhya Pradesh,24.64691,77.3113,180935,8,2.735,180936,1.0,14.97,169.04
CHA4,Chandannagar,West Bengal,22.86225,88.36796,180623,6,2.734,90312,0.5,11.21,114.3
BAH2,Baharampur,West Bengal,24.10473,88.25155,180547,8,2.733,180544,1.0,14.94,168.76
SHA2,Shahuwadi,Maharashtra,16.90993,73.94654,180322,8,2.732,180320,1.0,14.92,168.56
MAD2,Madanapalle,Andhra Pradesh,13.5503,78.50288,180180,8,2.731,180180,1.0,14.91,168.44
SHI3,Shivpuri,Madhya Pradesh,25.42378,77.66223,179977,8,2.729,179976,1.0,14.9,168.28
SUR2,Surendranagar,Gujarat,22.72706,71.64856,179628,8,2.727,179628,1.0,14.87,167.96
NEY,Neyveli,Tamil Nadu,11.60877,79.4994,179150,8,2.724,179148,1.0,14.84,167.6
SIL2,Silchar,Assam,24.82733,92.79787,178865,8,2.722,178864,1.0,14.82,167.36
PRO,Proddatūr,Andhra Pradesh,14.7502,78.54813,177797,8,2.715,177796,1.0,14.74,166.44
HUG,Hugli,West Bengal,22.90877,88.39674,177005,4,2.71,59002,0.333,7.35,74.86
HAS,Hashtsāl,Delhi,28.63406,77.05771,176877,8,2.71,147396,0.833,14.68,157.68
AMR3,Amroha,Uttar Pradesh,28.90314,78.46984,176253,8,2.706,176252,1.0,14.64,165.2
CHH,Chhindwāra,Madhya Pradesh,22.05697,78.93958,175052,8,2.698,175052,1.0,14.56,164.2
TAM,Tambaram,Tamil Nadu,12.9246,80.12707,174787,8,2.696,160220,0.917,14.54,160.0
BHE,Bhetia,Jharkhand,22.79321,86.14098,174355,8,2.693,145296,0.833,14.5,155.68
PAT3,Pathānkot,Punjab,32.27484,75.65287,174306,8,2.693,174304,1.0,14.5,163.56
BAD,Badlapur,Maharashtra,19.15516,73.26553,174226,8,2.692,174228,1.0,14.5,163.52
CUD,Cuddalore,Tamil Nadu,11.75617,79.76693,173636,8,2.689,173636,1.0,14.46,163.0
SHI4,Shimla,Himachal Pradesh,31.10442,77.16662,173503,8,2.688,173504,1.0,14.45,162.92
GAD,Gadag-Betageri,Karnataka,15.4167,75.6167,172813,7,2.683,100809,0.583,12.6,128.27
GAD2,Gadag,Karnataka,15.42977,75.62971,172612,7,2.682,100689,0.583,12.59,128.13
VER,Verāval,Gujarat,20.9077,70.36786,171121,7,2.672,171120,1.0,22.22,224.39
NAV2,Navsari,Gujarat,20.94237,72.92467,171109,7,2.672,171109,1.0,22.21,224.38
BAH3,Bahadurgarh,Haryana,28.69287,76.93555,170767,7,2.67,170766,1.0,22.18,223.98
HAL,Haldia,West Bengal,22.06046,88.10975,170695,7,2.669,170693,1.0,22.17,223.91
RAI3,Rāiganj,West Bengal,25.61281,88.12449,170252,7,2.666,170252,1.0,22.12,223.41
MAL2,Malda,West Bengal,25.00447,88.14573,170039,7,2.665,170036,1.0,22.1,223.15
JAU,Jaunpur,Uttar Pradesh,25.75356,82.68689,169572,7,2.662,169572,1.0,22.04,222.62
DEO2,Deoli,Delhi,28.50254,77.23117,169122,7,2.659,169120,1.0,21.99,222.08
BHA6,Bharūch,Gujarat,21.69482,72.9805,169007,7,2.658,169006,1.0,21.99,221.94
HOS3,Hoshiārpur,Punjab,31.53723,75.91269,168653,7,2.656,168652,1.0,21.95,221.57
JIN,Jīnd,Haryana,29.31577,76.31502,167592,7,2.649,167591,1.0,21.83,220.32
KUM2,Kumbakonam,Tamil Nadu,10.96209,79.39124,167155,7,2.646,167156,1.0,21.78,219.82
MOH,Mohali,Punjab,30.67995,76.72211,166864,7,2.644,166863,1.0,21.75,219.53
FAT,Fatehpur,Uttar Pradesh,25.92774,80.81266,166480,7,2.641,166479,1.0,21.71,219.06
TON,Tonk,Rajasthan,26.16638,75.78824,165294,7,2.634,165296,1.0,21.58,217.7
UDU,Udupi,Karnataka,13.33467,74.74617,165000,7,2.632,165001,1.0,21.55,217.36
THE,Thenali,Andhra Pradesh,16.24253,80.63982,164937,7,2.631,164935,1.0,21.54,217.29
SIT,Sītāpur,Uttar Pradesh,27.56192,80.68265,164435,7,2.628,164436,1.0,21.48,216.72
ALA2,Alandur,Tamil Nadu,13.0025,80.20611,164430,7,2.628,146159,0.889,21.48,211.73
BHA7,Bhadrāvati,Karnataka,13.84846,75.70502,163903,7,2.624,163904,1.0,21.43,216.08
VAP,Vapi,Gujarat,20.37175,72.90493,163630,7,2.622,163630,1.0,21.39,215.79
MOG,Moga,Punjab,30.81383,75.16878,163397,7,2.621,163398,1.0,21.37,215.51
RAJ4,Rāj-Nāndgaon,Chhattisgarh,21.09687,81.0289,163114,7,2.619,163112,1.0,21.34,215.18
ROB,Robertsonpet,Karnataka,12.95629,78.27539,162230,7,2.613,162231,1.0,21.24,214.18
UNN,Unnāo,Uttar Pradesh,26.54706,80.48781,161671,7,2.609,161669,1.0,21.18,213.53
BUD,Budaun,Uttar Pradesh,28.03811,79.12668,161555,7,2.608,161554,1.0,21.17,213.41
MAD3,Madhyamgram,West Bengal,22.68944,88.44594,161126,7,2.605,143223,0.889,21.12,208.01
CHI,Chittoor,Andhra Pradesh,13.21055,79.0956,160722,7,2.603,160722,1.0,21.08,212.42
JAM4,Jāmuria,West Bengal,23.70468,87.07872,160242,7,2.599,160242,1.0,21.02,211.87
JAI2,Jaigaon,West Bengal,26.84766,89.37558,158664,7,2.589,158666,1.0,20.85,210.08
BAT2,Batāla,Punjab,31.80921,75.20294,158621,7,2.588,158623,1.0,20.85,210.01
ORA,Orai,Uttar Pradesh,25.99023,79.45334,158265,7,2.586,158265,1.0,20.8,209.61
SAH2,Saharsa,Bihar,25.87498,86.59611,156540,7,2.574,156540,1.0,20.61,207.61
VID,Vidisha,Madhya Pradesh,23.52604,77.81092,155951,7,2.57,155948,1.0,20.55,206.92
HAN,Hanumāngarh,Rajasthan,29.58182,74.32938,155687,7,2.568,155688,1.0,20.52,206.63
THA3,Thānesar,Haryana,29.97323,76.83214,155152,7,2.564,155153,1.0,20.46,205.99
HAS2,Hassan,Karnataka,13.00715,76.0962,155006,7,2.563,155004,1.0,20.45,205.8
KIS,Kishangarh,Rajasthan,26.59006,74.85397,154886,7,2.563,154886,1.0,20.43,205.66
RUD,Rudrapur,Uttarakhand,28.98,79.4,154554,7,2.56,154555,1.0,20.39,205.3
NAL,Nalgonda,Telangana,17.05439,79.26707,154326,7,2.559,154325,1.0,20.37,205.02
HAZ,Hazāribāgh,Jharkhand,23.99241,85.36162,153595,7,2.554,153596,1.0,20.29,204.18
MED,Medinīpur,West Bengal,22.42114,87.32257,153349,7,2.552,153350,1.0,20.26,203.9
BAL2,Bālurghāt,West Bengal,25.22099,88.77732,153279,7,2.551,153279,1.0,20.25,203.82
FYZ,Fyzābād,Uttar Pradesh,26.77549,82.15018,153047,7,2.55,153047,1.0,20.22,203.54
DIN3,Dinapore,Bihar,25.63705,85.04794,152940,2,2.549,33987,0.222,5.78,55.47
POR,Porbandar,Gujarat,21.64219,69.60929,152760,7,2.548,152760,1.0,20.2,203.21
BAN,Bānda,Uttar Pradesh,25.47758,80.33491,152218,7,2.544,152218,1.0,20.13,202.61
HIN,Hindupur,Andhra Pradesh,13.82807,77.49143,151677,7,2.54,151676,1.0,20.08,201.97
BEA,Beāwar,Rajasthan,26.10119,74.32028,151152,7,2.536,151150,1.0,20.01,201.35
ANA3,Anantnag,Jammu and Kashmir,33.73068,75.15418,150592,7,2.533,150594,1.0,19.96,200.71
SER,Serilingampalle,Telangana,17.49313,78.30196,150525,7,2.532,150524,1.0,19.94,200.63
RAI4,Raigarh,Chhattisgarh,21.89764,83.3966,150019,7,2.528,150018,1.0,19.89,200.02
SHA3,Shāntipur,West Bengal,23.24723,88.43302,149983,7,2.528,149982,1.0,19.89,200.01
BHU3,Bhuj,Gujarat,23.25397,69.66928,148834,7,2.52,148834,1.0,19.76,198.66
BAR4,Bārākpur,West Bengal,22.76602,88.36336,148174,3,2.515,49391,0.333,8.44,80.96
HAJ,Hājīpur,Bihar,25.68544,85.20981,147688,7,2.512,147687,1.0,19.63,197.33
SAS,Sasarām,Bihar,24.94942,84.01645,147408,7,2.51,147408,1.0,19.6,196.99
BHI6,Bhimavaram,Andhra Pradesh,16.54078,81.52322,146961,7,2.507,146960,1.0,19.55,196.47
BEE,Beed,Maharashtra,18.98921,75.75634,146709,7,2.505,146708,1.0,19.52,196.18
KRI,Krishnanagar,West Bengal,23.40576,88.49073,145926,7,2.499,145927,1.0,19.43,195.28
CHI2,Chitradurga,Karnataka,14.22262,76.40038,145853,7,2.499,145855,1.0,19.43,195.16
DIB,Dibrugarh,Assam,27.47989,94.90837,145488,7,2.496,145487,1.0,19.38,194.74
ABO,Abohar,Punjab,30.14453,74.19552,145302,7,2.495,145301,1.0,19.36,194.52
TIR5,Tiruvannamalai,Tamil Nadu,12.22662,79.07461,145278,7,2.495,145278,1.0,19.36,194.52
KAI,Kaithal,Haryana,29.80153,76.39959,144915,7,2.492,144917,1.0,19.32,194.09
BAL3,Balasore,Odisha,21.49266,86.93348,144373,6,2.488,144374,1.0,16.51,171.42
GOD,Godhra,Gujarat,22.77547,73.61488,143644,6,2.483,143642,1.0,16.44,170.68
SHI5,Shillong,Meghalaya,25.56892,91.88313,143229,6,2.48,143228,1.0,16.4,170.25
REW2,Rewāri,Haryana,28.199,76.6183,143021,6,2.478,143021,1.0,16.38,170.02
BAS,Basirhat City,West Bengal,22.66142,88.85477,143007,6,2.478,143009,1.0,16.37,170.02
CHH2,Chhatarpur,Madhya Pradesh,24.9177,79.58871,142128,6,2.472,142128,1.0,16.29,169.1
MAN3,Mandsaur,Madhya Pradesh,24.07184,75.06986,141667,6,2.468,141669,1.0,16.25,168.62
CHA5,Chas,Jharkhand,23.63556,86.16712,141640,6,2.468,110164,0.778,16.24,160.02
PAL3,Pālanpur,Gujarat,24.17128,72.43827,141592,6,2.468,141593,1.0,16.24,168.54
LAK,Lakhīmpur,Uttar Pradesh,27.94822,80.77935,140223,6,2.458,140223,1.0,16.11,167.1
VAL,Valsād,Gujarat,20.61013,72.93428,139764,6,2.454,139764,1.0,16.06,166.61
DAM,Damoh,Madhya Pradesh,23.83312,79.4419,139561,6,2.453,139560,1.0,16.04,166.42
HAL2,Haldwani,Uttarakhand,29.22254,79.5286,139497,6,2.452,139496,1.0,16.04,166.35
HAB,Hābra,West Bengal,22.84202,88.65606,139297,6,2.451,92866,0.667,16.02,153.5
KOL4,Kolār,Karnataka,13.13768,78.12999,138462,6,2.445,138462,1.0,15.94,165.26
SRI3,Srikakulam,Andhra Pradesh,18.2989,83.89751,137944,6,2.441,137945,1.0,15.89,164.71
MAN4,Mandya,Karnataka,12.5223,76.89746,137358,6,2.437,137358,1.0,15.83,164.11
MAD4,Madhurampur Dehri,Bihar,24.96899,84.1964,137231,6,2.436,137231,1.0,15.82,163.98
KAN4,Kānchrāpāra,West Bengal,22.95998,88.42849,136954,4,2.434,60869,0.444,10.53,100.83
DIM,Dimāpur,Nagaland,25.91174,93.7217,135860,6,2.425,135860,1.0,15.68,162.53
MAL3,Māler Kotla,Punjab,30.5309,75.87949,135424,6,2.422,135425,1.0,15.64,162.09
SIW,Siwān,Bihar,26.22096,84.35609,135066,6,2.419,135068,1.0,15.61,161.72
KAL4,Kalol,Gujarat,23.24656,72.49508,134426,6,2.415,134425,1.0,15.55,161.05
BAN2,Bānkura,West Bengal,23.23241,87.0716,133966,6,2.411,133966,1.0,15.5,160.57
PAT4,Pātan,Gujarat,23.8507,72.12963,133737,6,2.409,133736,1.0,15.48,160.32
GON,Gondā City,Uttar Pradesh,27.13181,81.95332,133583,6,2.408,133583,1.0,15.47,160.14
DHA2,Dhaulpur,Rajasthan,26.69286,77.87968,133075,6,2.404,133073,1.0,15.41,159.6
GON2,Gondiā,Maharashtra,21.46026,80.19205,132813,6,2.402,132812,1.0,15.39,159.35
PAL4,Palakkad,Kerala,10.77319,76.65366,132728,6,2.402,132728,1.0,15.38,159.23
BET,Bettiah,Bihar,26.80229,84.50311,132209,6,2.398,132211,1.0,15.33,158.73
PAL5,Palwal,Haryana,28.14469,77.32546,131926,6,2.396,131925,1.0,15.31,158.43
RAN3,Rānīganj,West Bengal,23.6164,87.13061,131261,6,2.391,131261,1.0,15.24,157.71
ETA2,Etah,Uttar Pradesh,27.55879,78.65692,131023,6,2.389,131024,1.0,15.22,157.46
PIL,Pīlibhīt,Uttar Pradesh,28.63124,79.80436,131008,6,2.389,131006,1.0,15.22,157.46
RAJ5,Rajapalayam,Tamil Nadu,9.45296,77.55335,130442,6,2.384,130443,1.0,15.16,156.84
BOT,Botad,Gujarat,22.16917,71.66671,130327,6,2.383,130329,1.0,15.15,156.72
DEO3,Deoria,Uttar Pradesh,26.50167,83.77936,129570,6,2.378,129570,1.0,15.07,155.93
NIM,Nimach,Rajasthan,24.45949,74.86625,128561,6,2.37,128562,1.0,14.98,154.85
KHA4,Khardah,West Bengal,22.71861,88.37806,128346,2,2.368,28521,0.222,4.98,47.66
YAV,Yavatmāl,Maharashtra,20.39324,78.13201,128175,6,2.367,128174,1.0,14.94,154.47
HAL3,Hālīsahar,West Bengal,22.93218,88.41859,128172,2,2.367,28483,0.222,4.98,47.6
KHA5,Khanna,Punjab,30.70547,76.22196,128137,6,2.366,128136,1.0,14.93,154.41
TIT,Titāgarh,West Bengal,22.74252,88.37326,127751,2,2.363,28389,0.222,4.97,47.47
HAT,Hāthras,Uttar Pradesh,27.59551,78.05201,126882,6,2.357,126880,1.0,14.81,153.08
JOR,Jorhat,Assam,26.75751,94.20306,126736,6,2.356,126738,1.0,14.8,152.95
LAL,Lalitpur,Uttar Pradesh,24.69007,78.41915,126475,6,2.354,126476,1.0,14.77,152.65
GUN4,Guntakal,Andhra Pradesh,15.17112,77.36244,126270,6,2.352,126268,1.0,14.75,152.46
PIT,Pithampur,Madhya Pradesh,22.60197,75.69649,126200,6,2.351,126202,1.0,14.74,152.35
MOT,Mothīhāri,Bihar,26.64862,84.91656,126158,6,2.351,126158,1.0,14.74,152.33
KAN5,Kanhangad,Kerala,12.30814,75.10632,125564,6,2.346,125565,1.0,14.68,151.68
JAG,Jagdalpur,Chhattisgarh,19.08136,82.02131,125463,6,2.346,125463,1.0,14.67,151.61
JAG2,Jagādhri,Haryana,30.16719,77.30367,124894,6,2.341,97139,0.778,14.62,143.41
DAR2,Dārjiling,West Bengal,27.03333,88.26667,123797,6,2.332,123798,1.0,14.51,149.84
HAR2,Hardoī,Uttar Pradesh,27.39491,80.13165,122635,6,2.323,122636,1.0,14.39,148.57
PUR3,Puruliya,West Bengal,23.33062,86.36303,122533,6,2.322,122535,1.0,14.38,148.5
DHA3,Dharmavaram,Andhra Pradesh,14.41435,77.72035,121874,6,2.317,121873,1.0,14.32,147.78
BHA8,Bhadreswar,West Bengal,22.82449,88.33841,121662,4,2.315,54072,0.444,9.53,91.0
NAG3,Nagaon,Assam,26.35,92.66667,121628,6,2.315,121629,1.0,14.29,147.52
VEJ,Vejalpur,Gujarat,22.69021,73.56299,121610,6,2.315,121611,1.0,14.29,147.52
CHI3,Chikmagalūr,Karnataka,13.32231,75.774,121484,6,2.314,121484,1.0,14.28,147.35
BHA9,Bhadrak,Odisha,21.05447,86.5156,121338,6,2.313,121337,1.0,14.27,147.22
SAW,Sawai Madhopur,Rajasthan,26.02301,76.34408,121106,6,2.311,121107,1.0,14.24,146.98
AMB4,Ambikāpur,Chhattisgarh,23.11892,83.19537,121071,6,2.311,121069,1.0,14.24,146.92
SAT2,Satara,Maharashtra,17.68589,73.99333,120195,6,2.304,120195,1.0,14.15,146.0
CHU,Chūru,Rajasthan,28.30415,74.96718,120157,6,2.303,120157,1.0,14.15,145.95
GAN3,Gangāpur,Rajasthan,26.47249,76.71744,120115,6,2.303,120113,1.0,14.14,145.93
DOH,Dohad,Gujarat,22.83283,74.25986,118846,6,2.293,118844,1.0,14.02,144.55
BAR5,Barshi,Maharashtra,18.23454,75.69275,118722,6,2.292,118722,1.0,14.0,144.43
ADI,Ādilābād,Telangana,19.67203,78.5359,118526,5,2.29,118525,1.0,11.65,125.57
JHU,Jhunjhunūn,Rajasthan,28.12559,75.39797,118473,5,2.29,118474,1.0,11.65,125.51
JET,Jetpur,Gujarat,21.75482,70.62347,118302,5,2.288,118302,1.0,11.63,125.36
GUD,Gudivāda,Andhra Pradesh,16.43547,80.99555,118167,5,2.287,118169,1.0,11.62,125.25
BAR6,Bārān,Rajasthan,25.1,76.51667,117992,5,2.286,117992,1.0,11.61,125.05
NAR2,Narmadapuram,Madhya Pradesh,22.74747,77.72736,117988,5,2.286,117987,1.0,11.61,125.05
AMR4,Amreli,Gujarat,21.59983,71.21169,117967,5,2.286,117965,1.0,11.61,125.05
PUD2,Pudukkottai,Tamil Nadu,10.38128,78.82141,117630,5,2.283,117631,1.0,11.58,124.74
NAR3,Narasaraopet,Andhra Pradesh,16.23488,80.04927,117489,5,2.282,117488,1.0,11.57,124.59
RIS,Rishra,West Bengal,22.72394,88.34563,117014,4,2.278,52007,0.444,9.22,87.99
BAR7,Baripāda,Odisha,21.93458,86.72852,116849,5,2.277,116850,1.0,11.52,124.02
MUK,Muktsar,Punjab,30.47426,74.5166,116747,5,2.276,116745,1.0,11.51,123.91
AZA,Azamgarh,Uttar Pradesh,26.06832,83.18358,116644,5,2.275,116645,1.0,11.5,123.81
BAR8,Barnāla,Punjab,30.37451,75.5487,116449,5,2.273,116451,1.0,11.49,123.61
YEL,Yelahanka,Karnataka,13.10073,77.59632,116447,5,2.273,116446,1.0,11.49,123.61
CHI4,Chittorgarh,Rajasthan,24.88963,74.62403,116406,5,2.273,116407,1.0,11.48,123.6
TIN,Tinsukia,Assam,27.48905,95.35992,116322,5,2.272,116323,1.0,11.47,123.51
KHA6,Khargone,Madhya Pradesh,21.82292,75.61394,116150,5,2.271,116151,1.0,11.46,123.35
BAI,Baidyabāti,West Bengal,22.78498,88.32586,115504,4,2.266,51335,0.444,9.12,87.0
BAS2,Bastī,Uttar Pradesh,26.78817,82.71617,115115,5,2.262,115115,1.0,11.38,122.37
GAN4,Gangavati,Karnataka,15.4313,76.52933,114642,5,2.258,114644,1.0,11.33,121.96
AMB5,Ambur,Tamil Nadu,12.79163,78.71644,114608,5,2.258,114606,1.0,11.33,121.91
GIR,Giridih,Jharkhand,24.18622,86.30875,114533,5,2.257,114533,1.0,11.33,121.85
WAR2,Wardha,Maharashtra,20.73933,78.59784,113759,5,2.251,113758,1.0,11.26,121.09
TAD,Tadepalligudem,Andhra Pradesh,16.81467,81.52717,112655,5,2.242,112655,1.0,11.17,120.06
CHA6,Chanduasi,Uttar Pradesh,28.45178,78.78277,112635,5,2.242,112633,1.0,11.17,120.06
BAG,Bagaha,Bihar,27.09918,84.09003,112634,5,2.242,112633,1.0,11.17,120.06
ACH,Achalpur,Maharashtra,21.25665,77.51006,112311,5,2.239,112311,1.0,11.14,119.75
GON3,Gondal,Gujarat,21.96074,70.80255,112197,5,2.238,112195,1.0,11.13,119.64
DHA4,Dharashiv,Maharashtra,18.18158,76.03889,112085,5,2.237,112084,1.0,11.12,119.54
POR2,Port Blair,Andaman and Nicobar,11.66613,92.74635,112050,5,2.237,112050,1.0,11.12,119.49
BAG2,Bagalkot,Karnataka,16.18673,75.69614,111933,5,2.236,111934,1.0,11.11,119.39
SUR3,Suriāpet,Telangana,17.14054,79.62045,111729,5,2.234,111729,1.0,11.09,119.19
BAN3,Bangaon,West Bengal,23.04553,88.83084,111693,5,2.234,111691,1.0,11.09,119.18
ASH,Ashoknagar Kalyangarh,West Bengal,22.86416,88.63701,111475,5,2.232,74317,0.667,11.07,108.83
DEE,Deesa,Gujarat,24.25612,72.17928,111160,5,2.229,111159,1.0,11.04,118.67
NAV3,Navadwīp,West Bengal,23.4067,88.36861,111123,5,2.229,111124,1.0,11.04,118.62
NAN4,Nandurbar,Maharashtra,21.36671,74.24051,111037,5,2.228,111036,1.0,11.04,118.56
SUL2,Sultānpur,Uttar Pradesh,26.25788,82.07269,110368,5,2.223,110366,1.0,10.98,117.94
FIR2,Firozpur,Punjab,30.92574,74.61311,110313,5,2.222,110315,1.0,10.97,117.89
PAN5,Pandit Deen Dayal Upadhyaya Nagar,Uttar Pradesh,25.28307,83.11968,109650,5,2.217,109650,1.0,10.92,117.23
SEH,Sehore,Madhya Pradesh,23.2,77.08333,109118,5,2.212,109118,1.0,10.88,116.76
BAN4,Bānsbāria,West Bengal,22.95387,88.40098,108474,5,2.207,60262,0.556,10.82,102.99
TAD2,Tadpatri,Andhra Pradesh,14.90832,78.01031,108171,5,2.204,108171,1.0,10.79,115.84
JAL4,Jalpāiguri,West Bengal,26.51667,88.73333,107832,5,2.201,107833,1.0,10.77,115.53
MAN5,Mangalagiri,Andhra Pradesh,16.43083,80.56815,107197,5,2.196,107196,1.0,10.71,114.92
RAN4,Ranebennur,Karnataka,14.62239,75.62951,106406,5,2.189,106408,1.0,10.64,114.19
KHU,Khurja,Uttar Pradesh,28.25382,77.85535,105909,5,2.184,105909,1.0,10.61,113.73
KIS2,Kishanganj,Bihar,26.10224,87.95534,105782,5,2.183,105782,1.0,10.6,113.62
PON,Ponnāni,Kerala,10.76695,75.92523,105512,5,2.181,105511,1.0,10.57,113.36
HIN2,Hindaun,Rajasthan,26.73411,77.03519,105452,5,2.181,105450,1.0,10.56,113.27
JAM5,Jamālpur,Bihar,25.31258,86.48888,105434,5,2.18,105433,1.0,10.56,113.27
NAG4,Nāgaur,Rajasthan,27.20201,73.73394,105218,5,2.178,105217,1.0,10.54,113.06
AMB6,Ambala Sadar,Haryana,30.33544,76.86265,104974,5,2.176,104973,1.0,10.53,112.85
BHI7,Bhiwadi,Rajasthan,28.21024,76.86056,104921,5,2.176,104922,1.0,10.52,112.8
BUN,Būndi,Rajasthan,25.43855,75.63735,104919,5,2.176,104918,1.0,10.52,112.8
MIR2,Miryalaguda,Telangana,16.8722,79.56247,104918,5,2.176,104918,1.0,10.52,112.8
SOY,Soyībug,Jammu and Kashmir,34.07677,74.7057,104000,5,2.168,103998,1.0,10.45,111.92
JAG3,Jagtiāl,Telangana,18.79473,78.91661,103930,5,2.167,103931,1.0,10.44,111.83
ROO,Roorkee,Uttarakhand,29.86632,77.89118,103894,5,2.167,103893,1.0,10.44,111.82
UDG,Udgīr,Maharashtra,18.39258,77.11756,103550,5,2.164,103549,1.0,10.4,111.47
NAG5,Nagda,Madhya Pradesh,23.45834,75.41759,103501,5,2.163,103499,1.0,10.4,111.46
BET2,Betūl,Madhya Pradesh,21.90056,77.90229,103330,5,2.162,103332,1.0,10.38,111.26
JAH,Jahānābād,Bihar,25.21368,84.9871,103202,5,2.161,103200,1.0,10.38,111.15
KAS,Kashipur,Uttarakhand,29.21399,78.95693,103138,5,2.16,103138,1.0,10.37,111.1
GHA2,Ghazīpur,Uttar Pradesh,25.58333,83.58526,103095,5,2.16,103094,1.0,10.37,111.05
AMA,Amaravati,Andhra Pradesh,16.514,80.516,103000,5,2.159,103000,1.0,10.36,110.95
NAG6,Nagapattinam,Tamil Nadu,10.76377,79.84313,102905,5,2.158,102905,1.0,10.35,110.89
BUX,Buxar,Bihar,25.57548,83.98043,102861,5,2.158,102861,1.0,10.34,110.84
MOR4,Mormugao,Goa,15.38914,73.81491,102345,3,2.153,34115,0.333,6.18,58.77
SEO,Seoni,Madhya Pradesh,22.08503,79.55037,102343,5,2.153,102341,1.0,10.3,110.33
AUR2,Aurangābād,Bihar,24.75204,84.3742,102244,5,2.152,102245,1.0,10.3,110.23
HIN3,Hinganghāt,Maharashtra,20.54875,78.83978,101805,5,2.149,101803,1.0,10.26,109.82
DHA5,Dhamtari,Chhattisgarh,20.70718,81.54874,101677,5,2.147,101676,1.0,10.24,109.71
CHI5,Chilakalūrupet,Andhra Pradesh,16.08987,80.16705,101398,5,2.145,101398,1.0,10.22,109.45
MAL4,Malappuram,Kerala,11.04199,76.08154,101386,5,2.145,101387,1.0,10.22,109.45
BAN5,Bānswāra,Rajasthan,23.54109,74.4425,101017,5,2.142,101016,1.0,10.19,109.09
ITA,Itārsi,Madhya Pradesh,22.61477,77.76222,100574,5,2.138,100573,1.0,10.16,108.64
VAS,Vasco da Gama,Goa,15.39585,73.81568,100485,3,2.137,33494,0.333,6.09,57.83
GAN5,Gangtok,Sikkim,27.32574,88.61216,100286,5,2.135,100285,1.0,10.13,108.38
DAT,Datia,Madhya Pradesh,25.67312,78.45908,100284,5,2.135,100284,1.0,10.13,108.38
PHA,Phagwāra,Punjab,31.22452,75.77387,100146,5,2.134,100146,1.0,10.12,108.27
