city_code,observed_on,rain_mm_7d,rain_mm_30d,source
MUM,2026-09-05,55.4,265.3,open-meteo-era5
DEL,2026-09-05,58.9,253.1,open-meteo-era5
BEN,2026-09-05,15.3,122.0,open-meteo-era5
HYD,2026-09-05,5.6,46.8,open-meteo-era5
AHM,2026-09-05,3.9,67.5,open-meteo-era5
CHE,2026-09-05,12.0,86.8,open-meteo-era5
KOL,2026-09-05,152.8,467.0,open-meteo-era5
SUR,2026-09-05,16.6,113.4,open-meteo-era5
PUN,2026-09-05,12.4,85.3,open-meteo-era5
JAI,2026-09-05,35.5,103.6,open-meteo-era5
KAN,2026-09-05,89.9,441.4,open-meteo-era5
NAV,2026-09-05,48.9,284.8,open-meteo-era5
LUC,2026-09-05,91.8,340.9,open-meteo-era5
NAG,2026-09-05,31.4,173.9,open-meteo-era5
COI,2026-09-05,18.3,122.3,open-meteo-era5
IND,2026-09-05,25.7,238.1,open-meteo-era5
THA,2026-09-05,40.3,235.5,open-meteo-era5
VAD,2026-09-05,3.9,63.7,open-meteo-era5
BHO,2026-09-05,52.1,317.5,open-meteo-era5
RAS,2026-09-05,29.6,195.2,open-meteo-era5
PIM,2026-09-05,9.4,89.8,open-meteo-era5
PAT,2026-09-05,99.3,260.9,open-meteo-era5
KAL,2026-09-05,15.6,102.2,open-meteo-era5
LUD,2026-09-05,15.3,90.2,open-meteo-era5
NAS,2026-09-05,15.8,73.9,open-meteo-era5
MAD,2026-09-05,18.7,68.2,open-meteo-era5
TIR,2026-09-05,7.7,33.5,open-meteo-era5
AGR,2026-09-05,72.0,215.1,open-meteo-era5
FAR,2026-09-05,60.7,264.7,open-meteo-era5
RAJ,2026-09-05,2.3,27.9,open-meteo-era5
NAJ,2026-09-05,59.4,226.5,open-meteo-era5
JAM,2026-09-05,122.6,450.6,open-meteo-era5
PIM2,2026-09-05,9.4,89.8,open-meteo-era5
KAL2,2026-09-05,39.7,254.5,open-meteo-era5
DOM,2026-09-05,35.5,213.8,open-meteo-era5
MEE,2026-09-05,46.8,176.0,open-meteo-era5
VIR,2026-09-05,35.8,235.5,open-meteo-era5
NOW,2026-09-05,45.0,408.9,open-meteo-era5
SRI,2026-09-05,20.9,48.9,open-meteo-era5
GHA,2026-09-05,54.8,219.7,open-meteo-era5
DHA,2026-09-05,134.1,370.1,open-meteo-era5
AUR,2026-09-05,9.8,68.8,open-meteo-era5
VAR,2026-09-05,82.3,388.6,open-meteo-era5
AMR,2026-09-05,16.6,102.0,open-meteo-era5
VIJ,2026-09-05,26.9,81.4,open-meteo-era5
RAN,2026-09-05,87.2,348.7,open-meteo-era5
JAB,2026-09-05,105.0,555.0,open-meteo-era5
PRA,2026-09-05,133.1,506.1,open-meteo-era5
VIS,2026-09-05,22.5,182.8,open-meteo-era5
JOD,2026-09-05,0.4,51.6,open-meteo-era5
GWA,2026-09-05,81.8,304.5,open-meteo-era5
TEN,2026-09-05,3.6,65.9,open-meteo-era5
HOW,2026-09-05,132.0,400.2,open-meteo-era5
RAI,2026-09-05,60.7,352.7,open-meteo-era5
TIR2,2026-09-05,8.8,58.7,open-meteo-era5
KOT,2026-09-05,51.9,218.1,open-meteo-era5
SHI,2026-09-05,12.4,85.3,open-meteo-era5
SHO,2026-09-05,14.6,115.2,open-meteo-era5
CHA,2026-09-05,28.4,130.3,open-meteo-era5
TIR3,2026-09-05,8.6,53.6,open-meteo-era5
GUW,2026-09-05,69.6,351.8,open-meteo-era5
HUB,2026-09-05,12.3,71.2,open-meteo-era5
MYS,2026-09-05,10.9,96.7,open-meteo-era5
SAL,2026-09-05,5.9,69.1,open-meteo-era5
GUR,2026-09-05,57.0,214.7,open-meteo-era5
BHU,2026-09-05,106.5,675.0,open-meteo-era5
BHI,2026-09-05,40.9,217.0,open-meteo-era5
JAL,2026-09-05,26.8,103.7,open-meteo-era5
ROH,2026-09-05,52.5,260.2,open-meteo-era5
KAN2,2026-09-05,6.3,285.9,open-meteo-era5
BHA,2026-09-05,51.9,312.3,open-meteo-era5
NAR,2026-09-05,59.3,234.1,open-meteo-era5
THI,2026-09-05,2.5,103.1,open-meteo-era5
ALI,2026-09-05,57.3,198.7,open-meteo-era5
BAR,2026-09-05,212.7,391.4,open-meteo-era5
MOR,2026-09-05,116.4,284.0,open-meteo-era5
WAR,2026-09-05,6.9,66.6,open-meteo-era5
GOR,2026-09-05,120.8,312.1,open-meteo-era5
GUN,2026-09-05,25.3,87.9,open-meteo-era5
PUD,2026-09-05,16.3,116.9,open-meteo-era5
JAJ,2026-09-05,95.8,441.9,open-meteo-era5
AMR2,2026-09-05,22.0,102.4,open-meteo-era5
BIK,2026-09-05,1.2,49.8,open-meteo-era5
KOC,2026-09-05,6.3,285.9,open-meteo-era5
BHI2,2026-09-05,71.0,359.6,open-meteo-era5
CUT,2026-09-05,106.7,548.0,open-meteo-era5
BOR,2026-09-05,53.9,299.2,open-meteo-era5
BHA2,2026-09-05,9.1,52.9,open-meteo-era5
SAN,2026-09-05,17.3,78.1,open-meteo-era5
JAM2,2026-09-05,3.6,42.1,open-meteo-era5
JAM3,2026-09-05,58.6,188.0,open-meteo-era5
BOK,2026-09-05,144.7,385.3,open-meteo-era5
NAN,2026-09-05,10.5,71.1,open-meteo-era5
KOZ,2026-09-05,4.3,296.0,open-meteo-era5
KOL2,2026-09-05,13.3,82.4,open-meteo-era5
NEL,2026-09-05,10.2,49.6,open-meteo-era5
KAL3,2026-09-05,10.6,73.7,open-meteo-era5
AJM,2026-09-05,11.8,98.0,open-meteo-era5
DEH,2026-09-05,103.8,301.7,open-meteo-era5
ERO,2026-09-05,7.2,63.7,open-meteo-era5
DUR,2026-09-05,148.7,384.9,open-meteo-era5
ULH,2026-09-05,39.7,254.5,open-meteo-era5
SIL,2026-09-05,57.0,327.7,open-meteo-era5
UJJ,2026-09-05,27.0,273.3,open-meteo-era5
BIL,2026-09-05,21.3,174.7,open-meteo-era5
ASA,2026-09-05,126.8,418.0,open-meteo-era5
MAN,2026-09-05,20.6,266.4,open-meteo-era5
BEL,2026-09-05,13.0,78.5,open-meteo-era5
SAH,2026-09-05,31.9,154.7,open-meteo-era5
VEL,2026-09-05,28.3,98.2,open-meteo-era5
BHA3,2026-09-05,138.0,358.3,open-meteo-era5
MAL,2026-09-05,11.6,55.0,open-meteo-era5
MOD,2026-09-05,52.9,207.6,open-meteo-era5
GAY,2026-09-05,177.5,392.9,open-meteo-era5
AMB,2026-09-05,14.6,81.2,open-meteo-era5
JAL2,2026-09-05,14.3,103.6,open-meteo-era5
KUR,2026-09-05,11.4,83.8,open-meteo-era5
RAM,2026-09-05,8.6,118.4,open-meteo-era5
UDA,2026-09-05,4.8,92.1,open-meteo-era5
MAH,2026-09-05,167.7,526.2,open-meteo-era5
PAT2,2026-09-05,16.4,81.9,open-meteo-era5
SHY,2026-09-05,133.2,376.1,open-meteo-era5
DAV,2026-09-05,19.4,101.9,open-meteo-era5
AKO,2026-09-05,6.4,77.0,open-meteo-era5
RAJ2,2026-09-05,162.7,498.9,open-meteo-era5
KOR,2026-09-05,151.6,556.8,open-meteo-era5
JHA,2026-09-05,96.6,434.5,open-meteo-era5
THO,2026-09-05,5.4,50.7,open-meteo-era5
BAL,2026-09-05,10.6,51.0,open-meteo-era5
BHA4,2026-09-05,83.2,190.5,open-meteo-era5
AGA,2026-09-05,72.2,289.1,open-meteo-era5
KAK,2026-09-05,15.8,77.8,open-meteo-era5
LAT,2026-09-05,8.5,82.1,open-meteo-era5
PAN,2026-09-05,110.4,399.1,open-meteo-era5
RAJ3,2026-09-05,16.0,100.1,open-meteo-era5
DHU,2026-09-05,10.9,68.1,open-meteo-era5
ROH2,2026-09-05,40.0,155.8,open-meteo-era5
AHI,2026-09-05,12.0,65.0,open-meteo-era5
KOL3,2026-09-05,6.7,126.3,open-meteo-era5
BIL2,2026-09-05,101.7,433.4,open-meteo-era5
BHI3,2026-09-05,2.1,121.2,open-meteo-era5
BRA,2026-09-05,43.6,387.8,open-meteo-era5
MUZ,2026-09-05,63.6,168.3,open-meteo-era5
PUN2,2026-09-05,37.0,187.5,open-meteo-era5
MUZ2,2026-09-05,36.9,161.9,open-meteo-era5
AVA,2026-09-05,13.9,71.9,open-meteo-era5
KAD,2026-09-05,8.4,57.9,open-meteo-era5
KAM,2026-09-05,110.4,399.1,open-meteo-era5
MAT,2026-09-05,61.0,198.3,open-meteo-era5
CHA2,2026-09-05,23.2,159.9,open-meteo-era5
VIJ2,2026-09-05,22.8,97.7,open-meteo-era5
SHI2,2026-09-05,10.1,73.5,open-meteo-era5
ALW,2026-09-05,58.6,196.7,open-meteo-era5
SHA,2026-09-05,124.3,335.6,open-meteo-era5
JUN,2026-09-05,15.1,97.9,open-meteo-era5
THR,2026-09-05,8.0,265.9,open-meteo-era5
NIZ,2026-09-05,7.8,88.5,open-meteo-era5
TUM,2026-09-05,17.7,109.1,open-meteo-era5
PAR,2026-09-05,7.0,90.2,open-meteo-era5
HIS,2026-09-05,4.6,83.9,open-meteo-era5
FIR,2026-09-05,97.8,240.2,open-meteo-era5
KUL,2026-09-05,144.6,420.5,open-meteo-era5
KAR,2026-09-05,20.5,147.8,open-meteo-era5
BAR2,2026-09-05,105.6,420.2,open-meteo-era5
GUN2,2026-09-05,16.3,116.9,open-meteo-era5
BAR3,2026-09-05,135.9,417.1,open-meteo-era5
MUL,2026-09-05,11.4,107.4,open-meteo-era5
BIH,2026-09-05,166.7,308.4,open-meteo-era5
RAM2,2026-09-05,155.9,378.9,open-meteo-era5
DAR,2026-09-05,61.4,173.8,open-meteo-era5
PAN2,2026-09-05,24.2,150.3,open-meteo-era5
TIR4,2026-09-05,8.6,55.3,open-meteo-era5
GRE,2026-09-05,59.4,236.5,open-meteo-era5
AIZ,2026-09-05,97.0,311.6,open-meteo-era5
GAN,2026-09-05,3.0,70.8,open-meteo-era5
DIN,2026-09-05,1.4,79.9,open-meteo-era5
THA2,2026-09-05,3.4,27.5,open-meteo-era5
KAR2,2026-09-05,6.4,73.5,open-meteo-era5
DEW,2026-09-05,24.2,213.8,open-meteo-era5
SON,2026-09-05,35.7,198.4,open-meteo-era5
ICH,2026-09-05,13.8,78.4,open-meteo-era5
BAT,2026-09-05,4.1,66.5,open-meteo-era5
JAL3,2026-09-05,8.3,76.3,open-meteo-era5
KIR,2026-09-05,52.5,260.2,open-meteo-era5
SAT,2026-09-05,98.3,480.2,open-meteo-era5
PUR,2026-09-05,69.3,173.8,open-meteo-era5
IMP,2026-09-05,121.8,268.8,open-meteo-era5
SAU,2026-09-05,69.0,325.0,open-meteo-era5
KUS,2026-09-05,109.8,275.3,open-meteo-era5
ROU,2026-09-05,104.2,585.4,open-meteo-era5
DUR2,2026-09-05,73.2,356.4,open-meteo-era5
ANA,2026-09-05,13.6,72.2,open-meteo-era5
RAT,2026-09-05,39.2,203.3,open-meteo-era5
RAN2,2026-09-05,31.3,122.7,open-meteo-era5
ARR,2026-09-05,122.9,289.1,open-meteo-era5
GAJ,2026-09-05,22.5,182.8,open-meteo-era5
ETA,2026-09-05,105.9,352.6,open-meteo-era5
AMB2,2026-09-05,39.7,254.5,open-meteo-era5
NAI,2026-09-05,138.0,358.3,open-meteo-era5
BHA5,2026-09-05,72.4,188.8,open-meteo-era5
BEG,2026-09-05,75.6,219.7,open-meteo-era5
GAN2,2026-09-05,0.7,17.2,open-meteo-era5
MAU,2026-09-05,124.6,309.2,open-meteo-era5
SIK,2026-09-05,14.5,78.9,open-meteo-era5
RAM3,2026-09-05,7.4,113.0,open-meteo-era5
HAP,2026-09-05,60.1,202.9,open-meteo-era5
FAR2,2026-09-05,79.8,318.8,open-meteo-era5
ALA,2026-09-05,9.1,200.8,open-meteo-era5
KAT,2026-09-05,64.6,157.4,open-meteo-era5
SRI2,2026-09-05,3.7,34.3,open-meteo-era5
REW,2026-09-05,82.9,441.8,open-meteo-era5
ULU,2026-09-05,158.6,531.0,open-meteo-era5
SIV,2026-09-05,11.6,73.7,open-meteo-era5
KAR3,2026-09-05,7.2,42.4,open-meteo-era5
RAI2,2026-09-05,16.8,104.1,open-meteo-era5
PAL,2026-09-05,18.9,99.1,open-meteo-era5
OOT,2026-09-05,24.4,133.7,open-meteo-era5
PAL2,2026-09-05,0.5,50.3,open-meteo-era5
HOS,2026-09-05,4.3,55.4,open-meteo-era5
VIZ,2026-09-05,42.2,364.5,open-meteo-era5
SHR,2026-09-05,113.5,373.9,open-meteo-era5
QUT,2026-09-05,5.5,50.6,open-meteo-era5
NAD,2026-09-05,9.5,55.6,open-meteo-era5
NAG2,2026-09-05,9.1,73.5,open-meteo-era5
MAN2,2026-09-05,100.3,426.0,open-meteo-era5
MUR,2026-09-05,142.8,638.4,open-meteo-era5
KAN3,2026-09-05,15.3,118.4,open-meteo-era5
SIN,2026-09-05,78.5,366.4,open-meteo-era5
MIR,2026-09-05,90.1,387.9,open-meteo-era5
KHA,2026-09-05,144.6,675.1,open-meteo-era5
ELU,2026-09-05,19.4,106.4,open-meteo-era5
YAM,2026-09-05,20.4,121.1,open-meteo-era5
RAU,2026-09-05,93.9,576.2,open-meteo-era5
BID,2026-09-05,11.1,79.8,open-meteo-era5
MUN,2026-09-05,91.5,225.4,open-meteo-era5
NAN2,2026-09-05,7.6,116.0,open-meteo-era5
PAN3,2026-09-05,36.3,133.5,open-meteo-era5
BUR,2026-09-05,44.3,153.2,open-meteo-era5
MOR2,2026-09-05,5.1,39.5,open-meteo-era5
ANA2,2026-09-05,2.7,41.7,open-meteo-era5
ONG,2026-09-05,9.2,57.0,open-meteo-era5
HOS2,2026-09-05,29.7,105.2,open-meteo-era5
NAN3,2026-09-05,51.5,249.7,open-meteo-era5
SEC,2026-09-05,6.8,42.0,open-meteo-era5
DEO,2026-09-05,129.7,299.6,open-meteo-era5
CHA3,2026-09-05,114.1,274.4,open-meteo-era5
KHA2,2026-09-05,29.7,168.1,open-meteo-era5
PUR2,2026-09-05,84.0,613.7,open-meteo-era5
MOR3,2026-09-05,115.6,315.2,open-meteo-era5
GYA,2026-09-05,102.6,427.0,open-meteo-era5
BUL,2026-09-05,59.2,205.3,open-meteo-era5
BHI4,2026-09-05,87.1,356.5,open-meteo-era5
KHA3,2026-09-05,10.0,65.7,open-meteo-era5
SAM,2026-09-05,89.4,248.8,open-meteo-era5
BHI5,2026-09-05,8.9,108.9,open-meteo-era5
PAN4,2026-09-05,49.1,314.5,open-meteo-era5
AMB3,2026-09-05,16.0,128.9,open-meteo-era5
KUM,2026-09-05,7.6,65.7,open-meteo-era5
MAC,2026-09-05,21.3,78.4,open-meteo-era5
MAH2,2026-09-05,2.7,31.1,open-meteo-era5
MAH3,2026-09-05,11.1,79.6,open-meteo-era5
SAM2,2026-09-05,69.0,567.0,open-meteo-era5
BHU2,2026-09-05,10.1,95.6,open-meteo-era5
RAE,2026-09-05,130.9,454.5,open-meteo-era5
HAR,2026-09-05,66.8,237.6,open-meteo-era5
PHU,2026-09-05,155.8,412.6,open-meteo-era5
ADO,2026-09-05,19.0,92.9,open-meteo-era5
SUJ,2026-09-05,3.9,46.0,open-meteo-era5
SIR,2026-09-05,3.1,83.3,open-meteo-era5
DIN2,2026-09-05,109.9,262.5,open-meteo-era5
BAH,2026-09-05,69.8,302.7,open-meteo-era5
KAR4,2026-09-05,4.7,43.7,open-meteo-era5
SUL,2026-09-05,52.5,260.2,open-meteo-era5
GUN3,2026-09-05,93.7,359.9,open-meteo-era5
CHA4,2026-09-05,138.0,358.3,open-meteo-era5
BAH2,2026-09-05,138.4,287.1,open-meteo-era5
SHA2,2026-09-05,38.2,228.4,open-meteo-era5
MAD2,2026-09-05,7.8,40.8,open-meteo-era5
SHI3,2026-09-05,126.5,311.7,open-meteo-era5
SUR2,2026-09-05,2.1,26.4,open-meteo-era5
NEY,2026-09-05,42.2,144.1,open-meteo-era5
SIL2,2026-09-05,168.1,594.0,open-meteo-era5
PRO,2026-09-05,10.7,82.0,open-meteo-era5
HUG,2026-09-05,138.0,358.3,open-meteo-era5
HAS,2026-09-05,51.5,249.7,open-meteo-era5
AMR3,2026-09-05,102.6,252.8,open-meteo-era5
CHH,2026-09-05,37.5,193.3,open-meteo-era5
TAM,2026-09-05,14.0,95.9,open-meteo-era5
BHE,2026-09-05,122.6,450.6,open-meteo-era5
PAT3,2026-09-05,34.4,199.4,open-meteo-era5
BAD,2026-09-05,50.5,314.1,open-meteo-era5
CUD,2026-09-05,32.8,153.3,open-meteo-era5
SHI4,2026-09-05,61.0,179.9,open-meteo-era5
GAD,2026-09-05,22.0,102.6,open-meteo-era5
GAD2,2026-09-05,22.0,102.6,open-meteo-era5
VER,2026-09-05,18.2,94.5,open-meteo-era5
NAV2,2026-09-05,17.4,152.5,open-meteo-era5
BAH3,2026-09-05,52.8,223.7,open-meteo-era5
HAL,2026-09-05,103.3,594.8,open-meteo-era5
RAI3,2026-09-05,81.8,175.8,open-meteo-era5
MAL2,2026-09-05,95.2,203.1,open-meteo-era5
JAU,2026-09-05,92.8,323.6,open-meteo-era5
DEO2,2026-09-05,69.2,260.9,open-meteo-era5
BHA6,2026-09-05,7.9,66.0,open-meteo-era5
HOS3,2026-09-05,42.8,122.6,open-meteo-era5
JIN,2026-09-05,5.3,116.0,open-meteo-era5
KUM2,2026-09-05,4.9,34.0,open-meteo-era5
MOH,2026-09-05,33.3,133.6,open-meteo-era5
FAT,2026-09-05,122.3,416.9,open-meteo-era5
TON,2026-09-05,46.6,123.9,open-meteo-era5
UDU,2026-09-05,36.2,315.8,open-meteo-era5
THE,2026-09-05,27.0,81.5,open-meteo-era5
SIT,2026-09-05,122.9,372.3,open-meteo-era5
ALA2,2026-09-05,18.9,99.1,open-meteo-era5
BHA7,2026-09-05,15.3,98.0,open-meteo-era5
VAP,2026-09-05,33.8,191.3,open-meteo-era5
MOG,2026-09-05,28.5,120.5,open-meteo-era5
RAJ4,2026-09-05,74.4,371.8,open-meteo-era5
ROB,2026-09-05,9.7,74.5,open-meteo-era5
UNN,2026-09-05,86.6,414.1,open-meteo-era5
BUD,2026-09-05,91.8,270.0,open-meteo-era5
MAD3,2026-09-05,110.4,399.1,open-meteo-era5
CHI,2026-09-05,19.5,111.0,open-meteo-era5
JAM4,2026-09-05,120.1,398.4,open-meteo-era5
JAI2,2026-09-05,77.2,272.3,open-meteo-era5
BAT2,2026-09-05,26.7,104.8,open-meteo-era5
ORA,2026-09-05,121.6,531.3,open-meteo-era5
SAH2,2026-09-05,80.7,223.7,open-meteo-era5
VID,2026-09-05,71.4,362.7,open-meteo-era5
HAN,2026-09-05,2.9,29.9,open-meteo-era5
THA3,2026-09-05,24.6,121.6,open-meteo-era5
HAS2,2026-09-05,11.8,56.7,open-meteo-era5
KIS,2026-09-05,14.0,112.3,open-meteo-era5
RUD,2026-09-05,156.9,355.4,open-meteo-era5
NAL,2026-09-05,14.7,43.9,open-meteo-era5
HAZ,2026-09-05,82.2,296.6,open-meteo-era5
MED,2026-09-05,144.1,636.2,open-meteo-era5
BAL2,2026-09-05,69.8,159.9,open-meteo-era5
FYZ,2026-09-05,117.7,327.5,open-meteo-era5
DIN3,2026-09-05,109.9,262.5,open-meteo-era5
POR,2026-09-05,12.5,73.7,open-meteo-era5
BAN,2026-09-05,154.6,516.4,open-meteo-era5
HIN,2026-09-05,9.4,63.1,open-meteo-era5
BEA,2026-09-05,0.8,73.3,open-meteo-era5
ANA3,2026-09-05,6.0,34.3,open-meteo-era5
SER,2026-09-05,4.0,60.6,open-meteo-era5
RAI4,2026-09-05,90.1,494.8,open-meteo-era5
SHA3,2026-09-05,114.5,313.9,open-meteo-era5
BHU3,2026-09-05,1.0,7.9,open-meteo-era5
BAR4,2026-09-05,112.3,377.3,open-meteo-era5
HAJ,2026-09-05,103.1,273.2,open-meteo-era5
SAS,2026-09-05,149.1,422.5,open-meteo-era5
BHI6,2026-09-05,43.7,134.9,open-meteo-era5
BEE,2026-09-05,7.5,57.2,open-meteo-era5
KRI,2026-09-05,101.7,279.9,open-meteo-era5
CHI2,2026-09-05,13.6,66.7,open-meteo-era5
DIB,2026-09-05,118.3,347.6,open-meteo-era5
ABO,2026-09-05,3.4,22.4,open-meteo-era5
TIR5,2026-09-05,13.9,115.4,open-meteo-era5
KAI,2026-09-05,21.3,130.2,open-meteo-era5
BAL3,2026-09-05,141.8,683.8,open-meteo-era5
GOD,2026-09-05,9.3,82.5,open-meteo-era5
SHI5,2026-09-05,46.3,162.6,open-meteo-era5
REW2,2026-09-05,34.4,227.2,open-meteo-era5
BAS,2026-09-05,149.4,359.5,open-meteo-era5
CHH2,2026-09-05,158.6,639.1,open-meteo-era5
MAN3,2026-09-05,22.2,223.7,open-meteo-era5
CHA5,2026-09-05,154.9,410.8,open-meteo-era5
PAL3,2026-09-05,2.5,38.9,open-meteo-era5
LAK,2026-09-05,131.2,431.1,open-meteo-era5
VAL,2026-09-05,32.5,235.5,open-meteo-era5
DAM,2026-09-05,107.4,523.7,open-meteo-era5
HAL2,2026-09-05,76.9,237.1,open-meteo-era5
HAB,2026-09-05,149.9,367.3,open-meteo-era5
KOL4,2026-09-05,12.8,67.8,open-meteo-era5
SRI3,2026-09-05,23.2,274.6,open-meteo-era5
MAN4,2026-09-05,16.0,86.0,open-meteo-era5
MAD4,2026-09-05,158.2,386.3,open-meteo-era5
KAN4,2026-09-05,132.7,352.0,open-meteo-era5
DIM,2026-09-05,96.4,263.6,open-meteo-era5
MAL3,2026-09-05,17.1,112.5,open-meteo-era5
SIW,2026-09-05,130.6,280.3,open-meteo-era5
KAL4,2026-09-05,3.9,64.6,open-meteo-era5
BAN2,2026-09-05,116.8,445.3,open-meteo-era5
PAT4,2026-09-05,2.3,33.8,open-meteo-era5
GON,2026-09-05,103.3,337.6,open-meteo-era5
DHA2,2026-09-05,112.5,245.3,open-meteo-era5
GON2,2026-09-05,59.1,413.0,open-meteo-era5
PAL4,2026-09-05,15.4,304.1,open-meteo-era5
BET,2026-09-05,88.6,273.9,open-meteo-era5
PAL5,2026-09-05,53.0,237.6,open-meteo-era5
RAN3,2026-09-05,137.3,389.2,open-meteo-era5
ETA2,2026-09-05,57.4,236.1,open-meteo-era5
PIL,2026-09-05,159.0,344.0,open-meteo-era5
RAJ5,2026-09-05,12.6,75.4,open-meteo-era5
BOT,2026-09-05,1.9,61.0,open-meteo-era5
DEO3,2026-09-05,119.0,315.9,open-meteo-era5
NIM,2026-09-05,21.2,219.7,open-meteo-era5
KHA4,2026-09-05,112.3,377.3,open-meteo-era5
YAV,2026-09-05,16.4,109.4,open-meteo-era5
HAL3,2026-09-05,132.7,352.0,open-meteo-era5
KHA5,2026-09-05,11.7,77.8,open-meteo-era5
TIT,2026-09-05,112.3,377.3,open-meteo-era5
HAT,2026-09-05,79.7,241.5,open-meteo-era5
JOR,2026-09-05,214.5,457.7,open-meteo-era5
LAL,2026-09-05,147.3,400.3,open-meteo-era5
GUN4,2026-09-05,12.8,90.1,open-meteo-era5
PIT,2026-09-05,20.4,174.1,open-meteo-era5
MOT,2026-09-05,73.4,211.6,open-meteo-era5
KAN5,2026-09-05,13.0,242.1,open-meteo-era5
JAG,2026-09-05,37.8,359.9,open-meteo-era5
JAG2,2026-09-05,25.1,126.2,open-meteo-era5
DAR2,2026-09-05,64.9,223.3,open-meteo-era5
HAR2,2026-09-05,110.3,407.7,open-meteo-era5
PUR3,2026-09-05,129.5,417.7,open-meteo-era5
DHA3,2026-09-05,12.7,55.2,open-meteo-era5
BHA8,2026-09-05,115.1,356.6,open-meteo-era5
NAG3,2026-09-05,83.3,318.2,open-meteo-era5
VEJ,2026-09-05,9.2,78.9,open-meteo-era5
CHI3,2026-09-05,21.1,114.6,open-meteo-era5
BHA9,2026-09-05,114.7,693.4,open-meteo-era5
SAW,2026-09-05,85.7,185.8,open-meteo-era5
AMB4,2026-09-05,99.3,563.6,open-meteo-era5
SAT2,2026-09-05,11.6,80.0,open-meteo-era5
CHU,2026-09-05,2.7,62.2,open-meteo-era5
GAN3,2026-09-05,112.1,234.2,open-meteo-era5
DOH,2026-09-05,13.4,93.5,open-meteo-era5
BAR5,2026-09-05,13.0,86.7,open-meteo-era5
ADI,2026-09-05,15.4,121.1,open-meteo-era5
JHU,2026-09-05,3.4,67.5,open-meteo-era5
JET,2026-09-05,2.5,36.2,open-meteo-era5
GUD,2026-09-05,19.0,78.5,open-meteo-era5
BAR6,2026-09-05,135.3,358.4,open-meteo-era5
NAR2,2026-09-05,70.3,383.4,open-meteo-era5
AMR4,2026-09-05,2.5,53.1,open-meteo-era5
PUD2,2026-09-05,17.7,84.7,open-meteo-era5
NAR3,2026-09-05,15.1,48.4,open-meteo-era5
RIS,2026-09-05,113.5,373.9,open-meteo-era5
BAR7,2026-09-05,160.9,744.5,open-meteo-era5
MUK,2026-09-05,3.0,47.2,open-meteo-era5
AZA,2026-09-05,123.4,284.8,open-meteo-era5
BAR8,2026-09-05,14.9,88.7,open-meteo-era5
YEL,2026-09-05,13.4,111.2,open-meteo-era5
CHI4,2026-09-05,10.0,195.7,open-meteo-era5
TIN,2026-09-05,123.4,357.9,open-meteo-era5
KHA6,2026-09-05,39.0,157.8,open-meteo-era5
BAI,2026-09-05,115.1,356.6,open-meteo-era5
BAS2,2026-09-05,123.7,317.9,open-meteo-era5
GAN4,2026-09-05,21.3,83.5,open-meteo-era5
AMB5,2026-09-05,21.5,120.9,open-meteo-era5
GIR,2026-09-05,123.5,321.4,open-meteo-era5
WAR2,2026-09-05,17.7,132.7,open-meteo-era5
TAD,2026-09-05,13.7,112.4,open-meteo-era5
CHA6,2026-09-05,99.8,253.9,open-meteo-era5
BAG,2026-09-05,90.9,292.0,open-meteo-era5
ACH,2026-09-05,18.5,82.7,open-meteo-era5
GON3,2026-09-05,4.8,38.1,open-meteo-era5
DHA4,2026-09-05,12.0,91.7,open-meteo-era5
POR2,2026-09-05,23.9,211.7,open-meteo-era5
BAG2,2026-09-05,12.9,75.6,open-meteo-era5
SUR3,2026-09-05,18.9,67.3,open-meteo-era5
BAN3,2026-09-05,141.7,329.0,open-meteo-era5
ASH,2026-09-05,138.0,343.9,open-meteo-era5
DEE,2026-09-05,2.1,24.0,open-meteo-era5
NAV3,2026-09-05,103.7,293.8,open-meteo-era5
NAN4,2026-09-05,16.1,50.8,open-meteo-era5
SUL2,2026-09-05,85.8,360.2,open-meteo-era5
FIR2,2026-09-05,6.0,50.4,open-meteo-era5
PAN5,2026-09-05,92.3,380.5,open-meteo-era5
SEH,2026-09-05,55.4,345.3,open-meteo-era5
BAN4,2026-09-05,132.7,352.0,open-meteo-era5
TAD2,2026-09-05,2.9,40.4,open-meteo-era5
JAL4,2026-09-05,61.8,215.5,open-meteo-era5
MAN5,2026-09-05,24.0,75.4,open-meteo-era5
RAN4,2026-09-05,15.3,70.1,open-meteo-era5
KHU,2026-09-05,60.4,223.6,open-meteo-era5
KIS2,2026-09-05,63.5,172.8,open-meteo-era5
PON,2026-09-05,3.1,204.8,open-meteo-era5
HIN2,2026-09-05,97.9,219.0,open-meteo-era5
JAM5,2026-09-05,91.5,225.4,open-meteo-era5
NAG4,2026-09-05,6.7,76.6,open-meteo-era5
AMB6,2026-09-05,16.0,128.9,open-meteo-era5
BHI7,2026-09-05,36.0,223.8,open-meteo-era5
BUN,2026-09-05,58.3,221.1,open-meteo-era5
MIR2,2026-09-05,7.6,43.7,open-meteo-era5
SOY,2026-09-05,3.5,19.9,open-meteo-era5
JAG3,2026-09-05,5.7,67.1,open-meteo-era5
ROO,2026-09-05,55.8,222.6,open-meteo-era5
UDG,2026-09-05,7.3,86.6,open-meteo-era5
NAG5,2026-09-05,25.3,220.3,open-meteo-era5
BET2,2026-09-05,33.6,179.2,open-meteo-era5
JAH,2026-09-05,130.2,280.7,open-meteo-era5
KAS,2026-09-05,134.7,374.0,open-meteo-era5
GHA2,2026-09-05,109.9,312.9,open-meteo-era5
AMA,2026-09-05,31.6,85.5,open-meteo-era5
NAG6,2026-09-05,6.3,49.5,open-meteo-era5
BUX,2026-09-05,124.2,320.6,open-meteo-era5
MOR4,2026-09-05,52.8,395.6,open-meteo-era5
SEO,2026-09-05,52.7,283.8,open-meteo-era5
AUR2,2026-09-05,122.3,353.9,open-meteo-era5
HIN3,2026-09-05,23.6,165.7,open-meteo-era5
DHA5,2026-09-05,106.2,352.5,open-meteo-era5
CHI5,2026-09-05,22.4,70.1,open-meteo-era5
MAL4,2026-09-05,6.1,252.9,open-meteo-era5
BAN5,2026-09-05,12.5,152.4,open-meteo-era5
ITA,2026-09-05,47.9,299.7,open-meteo-era5
VAS,2026-09-05,51.5,415.3,open-meteo-era5
GAN5,2026-09-05,90.3,348.7,open-meteo-era5
DAT,2026-09-05,91.7,451.3,open-meteo-era5
PHA,2026-09-05,15.8,116.9,open-meteo-era5
